"Time","Starting_State","Event_Type","Variable_Analyzed","Level_Value","Prob_Event","Lower_Event","Upper_Event"
0.0999999999999091,"1","success","is_EU","0",0.00504322592819273,0,0.0123993014956588
1,"1","success","is_EU","0",0.0516526393654196,0.018448799351944,0.0837332623822551
2,"1","success","is_EU","0",0.162736663896973,0.0783062111325051,0.239432984740284
3,"1","success","is_EU","0",0.179768353623564,0.0873108710554775,0.262859683126244
4,"1","success","is_EU","0",0.241275483290181,0.121066749602285,0.345043674253918
5,"1","success","is_EU","0",0.250513008672617,0.126226679850584,0.357120734616941
6,"1","success","is_EU","0",0.264487441996844,0.134160127265058,0.375197724180168
8,"1","success","is_EU","0",0.270779733408973,0.137543449776017,0.383433058663665
10,"1","success","is_EU","0",0.283908521015349,0.143033529039238,0.401625356824604
14,"1","success","is_EU","0",0.283908521015349,0.143033529039238,0.401625356824604
0.0999999999999091,"1","success","is_EU","1",0.013303580815337,0,0.0317680826426689
1,"1","success","is_EU","1",0.13106207061483,0.0666804655147301,0.191002548188814
2,"1","success","is_EU","1",0.375304534326418,0.258270627721927,0.473872224266143
3,"1","success","is_EU","1",0.40840384493863,0.284532800829828,0.510828712917483
4,"1","success","is_EU","1",0.518769356106009,0.377253624780378,0.628126406129697
5,"1","success","is_EU","1",0.534134006793881,0.390674060903367,0.643817684919689
6,"1","success","is_EU","1",0.556790789855255,0.410845308142078,0.666582636662596
8,"1","success","is_EU","1",0.566763814197395,0.419356604946931,0.67674894042042
10,"1","success","is_EU","1",0.587119656679921,0.43265027695897,0.699532455949083
14,"1","success","is_EU","1",0.587119656679921,0.43265027695897,0.699532455949083
1,"1","cancelled","is_EU","0",0.0232542783361566,0.00609036279582287,0.0401217886645392
2,"1","cancelled","is_EU","0",0.22728428364406,0.155021634667841,0.293367022398544
4,"1","cancelled","is_EU","0",0.318348734126418,0.225046545281402,0.400417605163422
5,"1","cancelled","is_EU","0",0.32800860662946,0.232707811575026,0.411472657253262
6,"1","cancelled","is_EU","0",0.458953595134893,0.34092591043686,0.555844757284433
8,"1","cancelled","is_EU","0",0.474716174157793,0.353666178242824,0.573095065733557
10,"1","cancelled","is_EU","0",0.474716174157793,0.353666178242824,0.573095065733557
14,"1","cancelled","is_EU","0",0.506733656520073,0.364862402852408,0.616915001248907
1,"1","cancelled","is_EU","1",0.0122437832227211,0.00313174274295047,0.0212725335775424
2,"1","cancelled","is_EU","1",0.126286608811329,0.0836465786392863,0.166942500406825
4,"1","cancelled","is_EU","1",0.181806648028609,0.124509786692413,0.235353689813337
5,"1","cancelled","is_EU","1",0.187898156769792,0.129092520979806,0.242733103498117
6,"1","cancelled","is_EU","1",0.275020030667989,0.19696104610734,0.345491332164071
8,"1","cancelled","is_EU","1",0.28615661235535,0.205466420718558,0.358652176104583
10,"1","cancelled","is_EU","1",0.28615661235535,0.205466420718558,0.358652176104583
14,"1","cancelled","is_EU","1",0.309279183701171,0.213513812643675,0.39338382067177
1,"2","success","is_EU","0",0.0171790484315354,0.00354360631738992,0.0306279040750365
2,"2","success","is_EU","0",0.0769309818328771,0.0353999800152487,0.116673859996928
3,"2","success","is_EU","0",0.121616506666575,0.0591211902001311,0.179960741676447
4,"2","success","is_EU","0",0.164395093642897,0.0828748983117732,0.238669230356072
5,"2","success","is_EU","0",0.180155646195311,0.0913663913337174,0.260268651682365
6,"2","success","is_EU","0",0.209419787259787,0.107519899399112,0.299685144402044
8,"2","success","is_EU","0",0.240552895970436,0.123207993135206,0.342193018066791
10,"2","success","is_EU","0",0.257403348804403,0.131297527303185,0.365202927700914
12,"2","success","is_EU","0",0.257403348804403,0.131297527303185,0.365202927700914
1,"2","success","is_EU","1",0.0245329092397848,0.0052664997829629,0.0434261589173524
2,"2","success","is_EU","1",0.10840878377732,0.0513357108472968,0.162048254651357
3,"2","success","is_EU","1",0.169622734258601,0.0855233369855395,0.245987971757286
4,"2","success","is_EU","1",0.226973785057962,0.119492200549046,0.321335336995047
5,"2","success","is_EU","1",0.24778773893936,0.131261734809221,0.348683823008876
6,"2","success","is_EU","1",0.285975499472042,0.153426876959079,0.397770879468901
8,"2","success","is_EU","1",0.325934469409281,0.175652634893745,0.448819322092475
10,"2","success","is_EU","1",0.347269295963551,0.186991264640937,0.47594982260092
12,"2","success","is_EU","1",0.347269295963551,0.186991264640937,0.47594982260092
1,"2","cancelled","is_EU","0",0.00816179528111349,0,0.0198201706053096
2,"2","cancelled","is_EU","0",0.129873074413068,0.0626128734650599,0.192307164031502
3,"2","cancelled","is_EU","0",0.157831489509946,0.0782408897371737,0.230549725883583
4,"2","cancelled","is_EU","0",0.264748752782832,0.143448633808305,0.368871012443851
5,"2","cancelled","is_EU","0",0.278427623484211,0.151914221361844,0.386068358100848
6,"2","cancelled","is_EU","0",0.32052577399314,0.178704086364371,0.437857639198665
7,"2","cancelled","is_EU","0",0.354262806305007,0.197346693554607,0.480502328997193
8,"2","cancelled","is_EU","0",0.410138261154798,0.230562212585264,0.547803764456992
9,"2","cancelled","is_EU","0",0.424743528661102,0.238664398228765,0.565342790948695
10,"2","cancelled","is_EU","0",0.453591860700898,0.255236569004573,0.599118535810414
12,"2","cancelled","is_EU","0",0.453591860700898,0.255236569004573,0.599118535810414
1,"2","cancelled","is_EU","1",0.00314368852693681,0,0.0076911976076891
2,"2","cancelled","is_EU","1",0.0520453719853395,0.0235864303292895,0.0796748379096506
3,"2","cancelled","is_EU","1",0.0638656351827223,0.0298980010440244,0.0966439096765352
4,"2","cancelled","is_EU","1",0.111444762762819,0.0566911076438262,0.163020283155019
5,"2","cancelled","is_EU","1",0.117832744064606,0.0601812480545255,0.171947712435373
6,"2","cancelled","is_EU","1",0.137973492165332,0.0715024816164485,0.199685852146057
7,"2","cancelled","is_EU","1",0.154676064325933,0.0801256423289541,0.223184611828226
8,"2","cancelled","is_EU","1",0.183564448105573,0.0956708252204312,0.262915507995599
9,"2","cancelled","is_EU","1",0.191391227840193,0.0995751486321679,0.273844846218392
10,"2","cancelled","is_EU","1",0.207218118741728,0.10764683537331,0.295678957428996
12,"2","cancelled","is_EU","1",0.207218118741728,0.10764683537331,0.295678957428996
1,"3","success","is_EU","0",0.0136663361047226,0.000420177757675888,0.0267369599851356
2,"3","success","is_EU","0",0.0978305123605747,0.0462132733375448,0.146654318334181
3,"3","success","is_EU","0",0.125175925846001,0.061190685350344,0.184800205135372
4,"3","success","is_EU","0",0.221830085607711,0.117230208696281,0.314035865714211
5,"3","success","is_EU","0",0.25745258060353,0.138168018732927,0.360227188086338
6,"3","success","is_EU","0",0.295011023127091,0.160852868015813,0.407720721946438
7,"3","success","is_EU","0",0.306555685821564,0.167924036708999,0.422090003700505
8,"3","success","is_EU","0",0.34792109352493,0.193907787976911,0.472508363277
9,"3","success","is_EU","0",0.35596581414738,0.198685243705918,0.482375646662092
10,"3","success","is_EU","0",0.388271158897947,0.218396433698253,0.521225092655742
11,"3","success","is_EU","0",0.396938325884981,0.22375204457952,0.531485551431297
12,"3","success","is_EU","0",0.447621333916128,0.255007145838002,0.590436083997325
13,"3","success","is_EU","0",0.447621333916128,0.255007145838002,0.590436083997325
14,"3","success","is_EU","0",0.472735057719943,0.266232389757201,0.621122116216603
16,"3","success","is_EU","0",0.508906714468814,0.278210321114012,0.665868573424268
1,"3","success","is_EU","1",0.0258012808972047,0.00155497615554334,0.0494587867770501
2,"3","success","is_EU","1",0.177635936256539,0.0961445349458371,0.251780091525881
3,"3","success","is_EU","1",0.22434065298332,0.127006211344355,0.310822791143977
4,"3","success","is_EU","1",0.379013677583005,0.237460163679235,0.494290010487045
5,"3","success","is_EU","1",0.431900824030212,0.276405856728457,0.553981086305672
6,"3","success","is_EU","1",0.485242105242827,0.317242060040625,0.611903905166444
7,"3","success","is_EU","1",0.501137001393378,0.329606049459746,0.628779031824143
8,"3","success","is_EU","1",0.556146636710309,0.373786010300984,0.68540177743672
9,"3","success","is_EU","1",0.566490932656383,0.381486794424985,0.696158287688588
10,"3","success","is_EU","1",0.606865112373178,0.412617211061033,0.73687509613869
11,"3","success","is_EU","1",0.617378681870316,0.420852928238348,0.747216069586643
12,"3","success","is_EU","1",0.676148289580976,0.467497869067095,0.8030431725079
13,"3","success","is_EU","1",0.676148289580976,0.467497869067095,0.8030431725079
14,"3","success","is_EU","1",0.703545172454434,0.482544554298695,0.830158392369491
16,"3","success","is_EU","1",0.740983921903428,0.498490783551448,0.866225133034196
1,"3","cancelled","is_EU","0",0.00431987421121505,0,0.011220262797805
2,"3","cancelled","is_EU","0",0.0357553339355068,0.00193088061819002,0.0684334802285926
4,"3","cancelled","is_EU","0",0.0591057855076739,0.00557856257928313,0.109751771682101
5,"3","cancelled","is_EU","0",0.0768858337265025,0.00821123955638015,0.140805181545253
6,"3","cancelled","is_EU","0",0.115891797051098,0.0141877805639263,0.207103240241156
7,"3","cancelled","is_EU","0",0.126758750787248,0.0157432572789571,0.225252674197052
8,"3","cancelled","is_EU","0",0.137861663509345,0.0173738191636951,0.243575506390159
10,"3","cancelled","is_EU","0",0.152233690582985,0.0192203134519391,0.267207788619583
11,"3","cancelled","is_EU","0",0.152233690582985,0.0192203134519391,0.267207788619583
12,"3","cancelled","is_EU","0",0.152233690582985,0.0192203134519391,0.267207788619583
13,"3","cancelled","is_EU","0",0.152233690582985,0.0192203134519391,0.267207788619583
14,"3","cancelled","is_EU","0",0.152233690582985,0.0192203134519391,0.267207788619583
16,"3","cancelled","is_EU","0",0.152233690582985,0.0192203134519391,0.267207788619583
1,"3","cancelled","is_EU","1",0.00256439576721956,0,0.00650633781870991
2,"3","cancelled","is_EU","1",0.0213635789034987,0.0035490269584143,0.0388596422630028
4,"3","cancelled","is_EU","1",0.0354896052748458,0.00753123764783392,0.0626603709641256
5,"3","cancelled","is_EU","1",0.0463416625112415,0.0105370075073012,0.0808506921813614
6,"3","cancelled","is_EU","1",0.0704514195356087,0.0176671939265829,0.120399361498279
7,"3","cancelled","is_EU","1",0.0772449746725372,0.019737071708227,0.131379130851262
8,"3","cancelled","is_EU","1",0.0842216651162214,0.0218895704978509,0.142581519073084
10,"3","cancelled","is_EU","1",0.0933070871449012,0.0245192032188551,0.157244262588897
11,"3","cancelled","is_EU","1",0.0933070871449012,0.0245192032188551,0.157244262588897
12,"3","cancelled","is_EU","1",0.0933070871449012,0.0245192032188551,0.157244262588897
13,"3","cancelled","is_EU","1",0.0933070871449012,0.0245192032188551,0.157244262588897
14,"3","cancelled","is_EU","1",0.0933070871449012,0.0245192032188551,0.157244262588897
16,"3","cancelled","is_EU","1",0.0933070871449012,0.0245192032188551,0.157244262588897
1,"4","success","is_EU","0",0.0269161819517667,0.00294663170642395,0.0503094948990526
2,"4","success","is_EU","0",0.255705783765112,0.122565496822039,0.368643610076558
3,"4","success","is_EU","0",0.317860994058187,0.157113125824723,0.447952462324709
4,"4","success","is_EU","0",0.461664174106813,0.245206720048771,0.616046579722032
5,"4","success","is_EU","0",0.50488592949859,0.272129171321402,0.663212299284604
6,"4","success","is_EU","0",0.576644089334238,0.3196091688849,0.736577539115431
7,"4","success","is_EU","0",0.610060173628552,0.340803119990685,0.769335880065988
8,"4","success","is_EU","0",0.627452963344251,0.352318421151285,0.785710603707939
10,"4","success","is_EU","0",0.704933586486838,0.380979181137534,0.859351760505386
1,"4","success","is_EU","1",0.0533279873392665,0.0121457597163224,0.0927933869092167
2,"4","success","is_EU","1",0.447418275468463,0.320097852050481,0.550896311760264
3,"4","success","is_EU","1",0.536200453955129,0.395024712608149,0.644431725734115
4,"4","success","is_EU","1",0.711719633489931,0.559324728205202,0.811413131086969
5,"4","success","is_EU","1",0.75632591606196,0.602706640498091,0.85054605680426
6,"4","success","is_EU","1",0.822077577001011,0.671880803144031,0.903521680812455
7,"4","success","is_EU","1",0.849162135611656,0.700049667319407,0.924147237544609
8,"4","success","is_EU","1",0.862371438202288,0.714643651455641,0.933621168342213
10,"4","success","is_EU","1",0.913836540748125,0.750644444826254,0.970226684121489
2,"4","cancelled","is_EU","0",0.0511112848875198,0,0.115045397296817
4,"4","cancelled","is_EU","0",0.0624094998697532,0,0.138431024506504
6,"4","cancelled","is_EU","0",0.0624094998697532,0,0.138431024506504
8,"4","cancelled","is_EU","0",0.0715450596650656,0,0.157525466440667
10,"4","cancelled","is_EU","0",0.0715450596650656,0,0.157525466440667
2,"4","cancelled","is_EU","1",0.0283950748284386,0,0.0646720685132927
4,"4","cancelled","is_EU","1",0.0347641906053755,0,0.0782639433464528
6,"4","cancelled","is_EU","1",0.0347641906053755,0,0.0782639433464528
8,"4","cancelled","is_EU","1",0.0399395051048363,0,0.0895605213846994
10,"4","cancelled","is_EU","1",0.0399395051048363,0,0.0895605213846994
0.0999999999999091,"1","success","Project_Jurisdiction","Internal",0.00786735685635409,0,0.0190109722695283
1,"1","success","Project_Jurisdiction","Internal",0.0795112088068435,0.0357520251050741,0.121284527660461
2,"1","success","Project_Jurisdiction","Internal",0.242303936387166,0.146748380712866,0.327158235815562
3,"1","success","Project_Jurisdiction","Internal",0.266244243720914,0.163031512849019,0.356729054751651
4,"1","success","Project_Jurisdiction","Internal",0.350368235460442,0.222713853978831,0.45705782656869
5,"1","success","Project_Jurisdiction","Internal",0.362681812341225,0.23172779705399,0.47131437169905
6,"1","success","Project_Jurisdiction","Internal",0.381147901594459,0.245387008706908,0.492484327569451
8,"1","success","Project_Jurisdiction","Internal",0.389398693533091,0.251208875821452,0.502085503660172
10,"1","success","Project_Jurisdiction","Internal",0.406485121279305,0.260739769185918,0.523496738252877
14,"1","success","Project_Jurisdiction","Internal",0.406485121279305,0.260739769185918,0.523496738252877
0.0999999999999091,"1","success","Project_Jurisdiction","Cross-border",0.013303580815337,0,0.0317680826426689
1,"1","success","Project_Jurisdiction","Cross-border",0.13106207061483,0.0666804655147301,0.191002548188814
2,"1","success","Project_Jurisdiction","Cross-border",0.375304534326418,0.258270627721927,0.473872224266143
3,"1","success","Project_Jurisdiction","Cross-border",0.40840384493863,0.284532800829828,0.510828712917483
4,"1","success","Project_Jurisdiction","Cross-border",0.518769356106009,0.377253624780378,0.628126406129697
5,"1","success","Project_Jurisdiction","Cross-border",0.534134006793881,0.390674060903367,0.643817684919689
6,"1","success","Project_Jurisdiction","Cross-border",0.556790789855255,0.410845308142078,0.666582636662596
8,"1","success","Project_Jurisdiction","Cross-border",0.566763814197395,0.419356604946931,0.67674894042042
10,"1","success","Project_Jurisdiction","Cross-border",0.587119656679921,0.43265027695897,0.699532455949083
14,"1","success","Project_Jurisdiction","Cross-border",0.587119656679921,0.43265027695897,0.699532455949083
1,"1","cancelled","Project_Jurisdiction","Internal",0.0126135148382708,0.00301663218434256,0.0221180186625751
2,"1","cancelled","Project_Jurisdiction","Internal",0.129863877487486,0.0822841633868128,0.174976783123508
4,"1","cancelled","Project_Jurisdiction","Internal",0.186780765352644,0.122004823955697,0.246777725385748
5,"1","cancelled","Project_Jurisdiction","Internal",0.193018529260218,0.126428223571609,0.254532813800534
6,"1","cancelled","Project_Jurisdiction","Internal",0.282071290851245,0.191140455818591,0.36277981124446
8,"1","cancelled","Project_Jurisdiction","Internal",0.293432039428159,0.199117036369321,0.376640151460544
10,"1","cancelled","Project_Jurisdiction","Internal",0.293432039428159,0.199117036369321,0.376640151460544
14,"1","cancelled","Project_Jurisdiction","Internal",0.317002749273864,0.206762034958544,0.411922695259447
1,"1","cancelled","Project_Jurisdiction","Cross-border",0.0122437832227211,0.00313174274295047,0.0212725335775424
2,"1","cancelled","Project_Jurisdiction","Cross-border",0.126286608811329,0.0836465786392863,0.166942500406825
4,"1","cancelled","Project_Jurisdiction","Cross-border",0.181806648028609,0.124509786692413,0.235353689813337
5,"1","cancelled","Project_Jurisdiction","Cross-border",0.187898156769792,0.129092520979806,0.242733103498117
6,"1","cancelled","Project_Jurisdiction","Cross-border",0.275020030667989,0.19696104610734,0.345491332164071
8,"1","cancelled","Project_Jurisdiction","Cross-border",0.28615661235535,0.205466420718558,0.358652176104583
10,"1","cancelled","Project_Jurisdiction","Cross-border",0.28615661235535,0.205466420718558,0.358652176104583
14,"1","cancelled","Project_Jurisdiction","Cross-border",0.309279183701171,0.213513812643675,0.39338382067177
1,"2","success","Project_Jurisdiction","Internal",0.0216262634315271,0.00444273725144562,0.0385131983626367
2,"2","success","Project_Jurisdiction","Internal",0.0960692455912115,0.0443353752520609,0.145002558840605
3,"2","success","Project_Jurisdiction","Internal",0.150927014083286,0.0741708635408402,0.221319672255394
4,"2","success","Project_Jurisdiction","Internal",0.202764087988786,0.103967039952038,0.290667723465963
5,"2","success","Project_Jurisdiction","Internal",0.221689398155579,0.114724211274433,0.315730306128127
6,"2","success","Project_Jurisdiction","Internal",0.256576889202905,0.135150236566541,0.360954994688217
8,"2","success","Project_Jurisdiction","Internal",0.293322929729258,0.155503709742839,0.40865047317808
10,"2","success","Project_Jurisdiction","Internal",0.313048484760788,0.16591924842737,0.434224583891075
12,"2","success","Project_Jurisdiction","Internal",0.313048484760788,0.16591924842737,0.434224583891075
1,"2","success","Project_Jurisdiction","Cross-border",0.0245329092397848,0.0052664997829629,0.0434261589173524
2,"2","success","Project_Jurisdiction","Cross-border",0.10840878377732,0.0513357108472968,0.162048254651357
3,"2","success","Project_Jurisdiction","Cross-border",0.169622734258601,0.0855233369855395,0.245987971757286
4,"2","success","Project_Jurisdiction","Cross-border",0.226973785057962,0.119492200549046,0.321335336995047
5,"2","success","Project_Jurisdiction","Cross-border",0.24778773893936,0.131261734809221,0.348683823008876
6,"2","success","Project_Jurisdiction","Cross-border",0.285975499472042,0.153426876959079,0.397770879468901
8,"2","success","Project_Jurisdiction","Cross-border",0.325934469409281,0.175652634893745,0.448819322092475
10,"2","success","Project_Jurisdiction","Cross-border",0.347269295963551,0.186991264640937,0.47594982260092
12,"2","success","Project_Jurisdiction","Cross-border",0.347269295963551,0.186991264640937,0.47594982260092
1,"2","cancelled","Project_Jurisdiction","Internal",0.00450133912751927,0,0.0109788573565445
2,"2","cancelled","Project_Jurisdiction","Internal",0.0737243371176479,0.0345621009070022,0.111297987727439
3,"2","cancelled","Project_Jurisdiction","Internal",0.0902288029000122,0.0436315694888493,0.134555674709618
4,"2","cancelled","Project_Jurisdiction","Internal",0.155746338396647,0.0816234053811699,0.223886748304491
5,"2","cancelled","Project_Jurisdiction","Internal",0.164429401818239,0.0865547217822767,0.235664969544664
6,"2","cancelled","Project_Jurisdiction","Internal",0.191627916577175,0.102200741787092,0.272147510393249
7,"2","cancelled","Project_Jurisdiction","Internal",0.213976000355288,0.113526833537021,0.303042944342442
8,"2","cancelled","Project_Jurisdiction","Internal",0.252178227158183,0.13385907586573,0.354334394838519
9,"2","cancelled","Project_Jurisdiction","Internal",0.262428930551599,0.138954954262125,0.368196721901969
10,"2","cancelled","Project_Jurisdiction","Internal",0.283026147505983,0.149536339325771,0.395563233410133
12,"2","cancelled","Project_Jurisdiction","Internal",0.283026147505983,0.149536339325771,0.395563233410133
1,"2","cancelled","Project_Jurisdiction","Cross-border",0.00314368852693681,0,0.0076911976076891
2,"2","cancelled","Project_Jurisdiction","Cross-border",0.0520453719853395,0.0235864303292895,0.0796748379096506
3,"2","cancelled","Project_Jurisdiction","Cross-border",0.0638656351827223,0.0298980010440244,0.0966439096765352
4,"2","cancelled","Project_Jurisdiction","Cross-border",0.111444762762819,0.0566911076438262,0.163020283155019
5,"2","cancelled","Project_Jurisdiction","Cross-border",0.117832744064606,0.0601812480545255,0.171947712435373
6,"2","cancelled","Project_Jurisdiction","Cross-border",0.137973492165332,0.0715024816164485,0.199685852146057
7,"2","cancelled","Project_Jurisdiction","Cross-border",0.154676064325933,0.0801256423289541,0.223184611828226
8,"2","cancelled","Project_Jurisdiction","Cross-border",0.183564448105573,0.0956708252204312,0.262915507995599
9,"2","cancelled","Project_Jurisdiction","Cross-border",0.191391227840193,0.0995751486321679,0.273844846218392
10,"2","cancelled","Project_Jurisdiction","Cross-border",0.207218118741728,0.10764683537331,0.295678957428996
12,"2","cancelled","Project_Jurisdiction","Cross-border",0.207218118741728,0.10764683537331,0.295678957428996
1,"3","success","Project_Jurisdiction","Internal",0.0155972635342521,0.000791204659696731,0.0301839294446751
2,"3","success","Project_Jurisdiction","Internal",0.110960903677028,0.0579414349749889,0.160996413455694
3,"3","success","Project_Jurisdiction","Internal",0.141678797448877,0.0775827919842755,0.201320963717053
4,"3","success","Project_Jurisdiction","Internal",0.249133562815456,0.150306164424489,0.336466403680169
5,"3","success","Project_Jurisdiction","Internal",0.288271370453755,0.177244753905869,0.384315512395018
6,"3","success","Project_Jurisdiction","Internal",0.329247262935566,0.206558088646888,0.432965125938246
7,"3","success","Project_Jurisdiction","Internal",0.341780783819849,0.215643816289001,0.447632917867775
8,"3","success","Project_Jurisdiction","Internal",0.386442561101882,0.248768366167642,0.498885944263596
9,"3","success","Project_Jurisdiction","Internal",0.395082363435103,0.25481245198281,0.508948655944504
10,"3","success","Project_Jurisdiction","Internal",0.429621042367455,0.279444509603558,0.548498124508088
11,"3","success","Project_Jurisdiction","Internal",0.438843833051723,0.286052564037307,0.558936375645816
12,"3","success","Project_Jurisdiction","Internal",0.492390581442569,0.324298877306519,0.618666725339897
13,"3","success","Project_Jurisdiction","Internal",0.492390581442569,0.324298877306519,0.618666725339897
14,"3","success","Project_Jurisdiction","Internal",0.518668910809754,0.337059690796029,0.650527182908429
16,"3","success","Project_Jurisdiction","Internal",0.556203736513761,0.351167052295064,0.696447099086104
1,"3","success","Project_Jurisdiction","Cross-border",0.0258012808972047,0.00155497615554334,0.0494587867770501
2,"3","success","Project_Jurisdiction","Cross-border",0.177635936256539,0.0961445349458371,0.251780091525881
3,"3","success","Project_Jurisdiction","Cross-border",0.22434065298332,0.127006211344355,0.310822791143977
4,"3","success","Project_Jurisdiction","Cross-border",0.379013677583005,0.237460163679235,0.494290010487045
5,"3","success","Project_Jurisdiction","Cross-border",0.431900824030212,0.276405856728457,0.553981086305672
6,"3","success","Project_Jurisdiction","Cross-border",0.485242105242827,0.317242060040625,0.611903905166444
7,"3","success","Project_Jurisdiction","Cross-border",0.501137001393378,0.329606049459746,0.628779031824143
8,"3","success","Project_Jurisdiction","Cross-border",0.556146636710309,0.373786010300984,0.68540177743672
9,"3","success","Project_Jurisdiction","Cross-border",0.566490932656383,0.381486794424985,0.696158287688588
10,"3","success","Project_Jurisdiction","Cross-border",0.606865112373178,0.412617211061033,0.73687509613869
11,"3","success","Project_Jurisdiction","Cross-border",0.617378681870316,0.420852928238348,0.747216069586643
12,"3","success","Project_Jurisdiction","Cross-border",0.676148289580976,0.467497869067095,0.8030431725079
13,"3","success","Project_Jurisdiction","Cross-border",0.676148289580976,0.467497869067095,0.8030431725079
14,"3","success","Project_Jurisdiction","Cross-border",0.703545172454434,0.482544554298695,0.830158392369491
16,"3","success","Project_Jurisdiction","Cross-border",0.740983921903428,0.498490783551448,0.866225133034196
1,"3","cancelled","Project_Jurisdiction","Internal",0.0071283911857789,0,0.0178775649381923
2,"3","cancelled","Project_Jurisdiction","Internal",0.0583924773611464,0.0119810202765475,0.10262379075122
4,"3","cancelled","Project_Jurisdiction","Internal",0.0957739797182943,0.0243889377370607,0.161935808868338
5,"3","cancelled","Project_Jurisdiction","Internal",0.123835472393263,0.0332727273501912,0.205914324386275
6,"3","cancelled","Project_Jurisdiction","Internal",0.184165836607408,0.0531940033014883,0.297020314109363
7,"3","cancelled","Project_Jurisdiction","Internal",0.200669867324723,0.0586301830243702,0.321277727965208
8,"3","cancelled","Project_Jurisdiction","Internal",0.217394409168833,0.0643019190839635,0.34543895804446
10,"3","cancelled","Project_Jurisdiction","Internal",0.23883537294239,0.0710552282263678,0.376312126309126
11,"3","cancelled","Project_Jurisdiction","Internal",0.23883537294239,0.0710552282263678,0.376312126309126
12,"3","cancelled","Project_Jurisdiction","Internal",0.23883537294239,0.0710552282263678,0.376312126309126
13,"3","cancelled","Project_Jurisdiction","Internal",0.23883537294239,0.0710552282263678,0.376312126309126
14,"3","cancelled","Project_Jurisdiction","Internal",0.23883537294239,0.0710552282263678,0.376312126309126
16,"3","cancelled","Project_Jurisdiction","Internal",0.23883537294239,0.0710552282263678,0.376312126309126
1,"3","cancelled","Project_Jurisdiction","Cross-border",0.00256439576721956,0,0.00650633781870991
2,"3","cancelled","Project_Jurisdiction","Cross-border",0.0213635789034987,0.0035490269584143,0.0388596422630028
4,"3","cancelled","Project_Jurisdiction","Cross-border",0.0354896052748458,0.00753123764783392,0.0626603709641256
5,"3","cancelled","Project_Jurisdiction","Cross-border",0.0463416625112415,0.0105370075073012,0.0808506921813614
6,"3","cancelled","Project_Jurisdiction","Cross-border",0.0704514195356087,0.0176671939265829,0.120399361498279
7,"3","cancelled","Project_Jurisdiction","Cross-border",0.0772449746725372,0.019737071708227,0.131379130851262
8,"3","cancelled","Project_Jurisdiction","Cross-border",0.0842216651162214,0.0218895704978509,0.142581519073084
10,"3","cancelled","Project_Jurisdiction","Cross-border",0.0933070871449012,0.0245192032188551,0.157244262588897
11,"3","cancelled","Project_Jurisdiction","Cross-border",0.0933070871449012,0.0245192032188551,0.157244262588897
12,"3","cancelled","Project_Jurisdiction","Cross-border",0.0933070871449012,0.0245192032188551,0.157244262588897
13,"3","cancelled","Project_Jurisdiction","Cross-border",0.0933070871449012,0.0245192032188551,0.157244262588897
14,"3","cancelled","Project_Jurisdiction","Cross-border",0.0933070871449012,0.0245192032188551,0.157244262588897
16,"3","cancelled","Project_Jurisdiction","Cross-border",0.0933070871449012,0.0245192032188551,0.157244262588897
1,"4","success","Project_Jurisdiction","Internal",0.0432856598453769,0.0093102986976511,0.0760958477167469
2,"4","success","Project_Jurisdiction","Internal",0.380562193203338,0.260552875571226,0.481094477464536
3,"4","success","Project_Jurisdiction","Internal",0.462253056364867,0.326824798214981,0.570436084659466
4,"4","success","Project_Jurisdiction","Internal",0.633708432348149,0.478572105787359,0.742688271912558
5,"4","success","Project_Jurisdiction","Internal",0.680200082286075,0.520325769265787,0.786788656098347
6,"4","success","Project_Jurisdiction","Internal",0.751916591677085,0.590071483175483,0.849863146965546
7,"4","success","Project_Jurisdiction","Internal",0.782886386271286,0.619551521639258,0.876098016032424
8,"4","success","Project_Jurisdiction","Internal",0.798372839347472,0.63491137454735,0.88864755273491
10,"4","success","Project_Jurisdiction","Internal",0.861858180169359,0.676783745139189,0.940958531326529
1,"4","success","Project_Jurisdiction","Cross-border",0.0533279873392665,0.0121457597163224,0.0927933869092167
2,"4","success","Project_Jurisdiction","Cross-border",0.447418275468463,0.320097852050481,0.550896311760264
3,"4","success","Project_Jurisdiction","Cross-border",0.536200453955129,0.395024712608149,0.644431725734115
4,"4","success","Project_Jurisdiction","Cross-border",0.711719633489931,0.559324728205202,0.811413131086969
5,"4","success","Project_Jurisdiction","Cross-border",0.75632591606196,0.602706640498091,0.85054605680426
6,"4","success","Project_Jurisdiction","Cross-border",0.822077577001011,0.671880803144031,0.903521680812455
7,"4","success","Project_Jurisdiction","Cross-border",0.849162135611656,0.700049667319407,0.924147237544609
8,"4","success","Project_Jurisdiction","Cross-border",0.862371438202288,0.714643651455641,0.933621168342213
10,"4","success","Project_Jurisdiction","Cross-border",0.913836540748125,0.750644444826254,0.970226684121489
2,"4","cancelled","Project_Jurisdiction","Internal",0.0802522972960746,0,0.155227703750808
4,"4","cancelled","Project_Jurisdiction","Internal",0.0976526464893659,0.000909162095984128,0.185028312244547
6,"4","cancelled","Project_Jurisdiction","Internal",0.0976526464893659,0.000909162095984128,0.185028312244547
8,"4","cancelled","Project_Jurisdiction","Internal",0.111631495408367,0.0012975840062085,0.209776018049324
10,"4","cancelled","Project_Jurisdiction","Internal",0.111631495408367,0.0012975840062085,0.209776018049324
2,"4","cancelled","Project_Jurisdiction","Cross-border",0.0283950748284386,0,0.0646720685132927
4,"4","cancelled","Project_Jurisdiction","Cross-border",0.0347641906053755,0,0.0782639433464528
6,"4","cancelled","Project_Jurisdiction","Cross-border",0.0347641906053755,0,0.0782639433464528
8,"4","cancelled","Project_Jurisdiction","Cross-border",0.0399395051048363,0,0.0895605213846994
10,"4","cancelled","Project_Jurisdiction","Cross-border",0.0399395051048363,0,0.0895605213846994
0.0999999999999091,"1","success","Infr_Type","New",0.013303580815337,0,0.0317680826426689
1,"1","success","Infr_Type","New",0.13106207061483,0.0666804655147301,0.191002548188814
2,"1","success","Infr_Type","New",0.375304534326418,0.258270627721927,0.473872224266143
3,"1","success","Infr_Type","New",0.40840384493863,0.284532800829828,0.510828712917483
4,"1","success","Infr_Type","New",0.518769356106009,0.377253624780378,0.628126406129697
5,"1","success","Infr_Type","New",0.534134006793881,0.390674060903367,0.643817684919689
6,"1","success","Infr_Type","New",0.556790789855255,0.410845308142078,0.666582636662596
8,"1","success","Infr_Type","New",0.566763814197395,0.419356604946931,0.67674894042042
10,"1","success","Infr_Type","New",0.587119656679921,0.43265027695897,0.699532455949083
14,"1","success","Infr_Type","New",0.587119656679921,0.43265027695897,0.699532455949083
0.0999999999999091,"1","success","Infr_Type","Upgrade",0.0106122959017187,0,0.0259623822466289
1,"1","success","Infr_Type","Upgrade",0.105876931189493,0.0388448522141948,0.168234114938872
2,"1","success","Infr_Type","Upgrade",0.312574582717934,0.158105806546326,0.438701789369895
3,"1","success","Infr_Type","Upgrade",0.341749616289282,0.175550589115983,0.474444930234461
4,"1","success","Infr_Type","Upgrade",0.4415855176869,0.239319169303488,0.590068894241117
5,"1","success","Infr_Type","Upgrade",0.455835118083145,0.24883614935254,0.605791175312349
6,"1","success","Infr_Type","Upgrade",0.477023785724439,0.263277503374343,0.628755573569826
8,"1","success","Infr_Type","Upgrade",0.486419985385527,0.269533199793742,0.638909761077541
10,"1","success","Infr_Type","Upgrade",0.505736690638762,0.279340319599117,0.66101028595796
14,"1","success","Infr_Type","Upgrade",0.505736690638762,0.279340319599117,0.66101028595796
1,"1","cancelled","Infr_Type","New",0.0122437832227211,0.00313174274295047,0.0212725335775424
2,"1","cancelled","Infr_Type","New",0.126286608811329,0.0836465786392863,0.166942500406825
4,"1","cancelled","Infr_Type","New",0.181806648028609,0.124509786692413,0.235353689813337
5,"1","cancelled","Infr_Type","New",0.187898156769792,0.129092520979806,0.242733103498117
6,"1","cancelled","Infr_Type","New",0.275020030667989,0.19696104610734,0.345491332164071
8,"1","cancelled","Infr_Type","New",0.28615661235535,0.205466420718558,0.358652176104583
10,"1","cancelled","Infr_Type","New",0.28615661235535,0.205466420718558,0.358652176104583
14,"1","cancelled","Infr_Type","New",0.309279183701171,0.213513812643675,0.39338382067177
1,"1","cancelled","Infr_Type","Upgrade",0.0119589098151776,0.00274749031734134,0.0210852452963366
2,"1","cancelled","Infr_Type","Upgrade",0.12352125987493,0.075807555717599,0.16877162690102
4,"1","cancelled","Infr_Type","Upgrade",0.177954692927287,0.11304733183105,0.238112121275507
5,"1","cancelled","Infr_Type","Upgrade",0.183932144763181,0.117195708322546,0.245623576336053
6,"1","cancelled","Infr_Type","Upgrade",0.269541747387286,0.177912691593976,0.350957917298862
8,"1","cancelled","Infr_Type","Upgrade",0.280501815476344,0.185483324953491,0.364435801755345
10,"1","cancelled","Infr_Type","Upgrade",0.280501815476344,0.185483324953491,0.364435801755345
14,"1","cancelled","Infr_Type","Upgrade",0.303270755736924,0.192976016282159,0.398491681033958
1,"2","success","Infr_Type","New",0.0245329092397848,0.0052664997829629,0.0434261589173524
2,"2","success","Infr_Type","New",0.10840878377732,0.0513357108472968,0.162048254651357
3,"2","success","Infr_Type","New",0.169622734258601,0.0855233369855395,0.245987971757286
4,"2","success","Infr_Type","New",0.226973785057962,0.119492200549046,0.321335336995047
5,"2","success","Infr_Type","New",0.24778773893936,0.131261734809221,0.348683823008876
6,"2","success","Infr_Type","New",0.285975499472042,0.153426876959079,0.397770879468901
8,"2","success","Infr_Type","New",0.325934469409281,0.175652634893745,0.448819322092475
10,"2","success","Infr_Type","New",0.347269295963551,0.186991264640937,0.47594982260092
12,"2","success","Infr_Type","New",0.347269295963551,0.186991264640937,0.47594982260092
1,"2","success","Infr_Type","Upgrade",0.0235753046556174,0.00399605746654697,0.0427696669018475
2,"2","success","Infr_Type","Upgrade",0.104358152351569,0.0425983526247815,0.162133968059999
3,"2","success","Infr_Type","Upgrade",0.163503161459926,0.0711979139981792,0.246635024368188
4,"2","success","Infr_Type","Upgrade",0.219072216912398,0.099997776311975,0.322392560432702
5,"2","success","Infr_Type","Upgrade",0.23927914917947,0.110064529744508,0.349732388229258
6,"2","success","Infr_Type","Upgrade",0.276411143906312,0.129093328499898,0.398809482351162
8,"2","success","Infr_Type","Upgrade",0.31534957559119,0.147825007870635,0.449941375923403
10,"2","success","Infr_Type","Upgrade",0.336176559370074,0.157251895815534,0.477113554878673
12,"2","success","Infr_Type","Upgrade",0.336176559370074,0.157251895815534,0.477113554878673
1,"2","cancelled","Infr_Type","New",0.00314368852693681,0,0.0076911976076891
2,"2","cancelled","Infr_Type","New",0.0520453719853395,0.0235864303292895,0.0796748379096506
3,"2","cancelled","Infr_Type","New",0.0638656351827223,0.0298980010440244,0.0966439096765352
4,"2","cancelled","Infr_Type","New",0.111444762762819,0.0566911076438262,0.163020283155019
5,"2","cancelled","Infr_Type","New",0.117832744064606,0.0601812480545255,0.171947712435373
6,"2","cancelled","Infr_Type","New",0.137973492165332,0.0715024816164485,0.199685852146057
7,"2","cancelled","Infr_Type","New",0.154676064325933,0.0801256423289541,0.223184611828226
8,"2","cancelled","Infr_Type","New",0.183564448105573,0.0956708252204312,0.262915507995599
9,"2","cancelled","Infr_Type","New",0.191391227840193,0.0995751486321679,0.273844846218392
10,"2","cancelled","Infr_Type","New",0.207218118741728,0.10764683537331,0.295678957428996
12,"2","cancelled","Infr_Type","New",0.207218118741728,0.10764683537331,0.295678957428996
1,"2","cancelled","Infr_Type","Upgrade",0.00406700352926337,0,0.010119624947889
2,"2","cancelled","Infr_Type","Upgrade",0.0668401484880773,0.0235298168033115,0.108229494910903
3,"2","cancelled","Infr_Type","Upgrade",0.0818726695227654,0.0299084916605588,0.131053320513866
4,"2","cancelled","Infr_Type","Upgrade",0.141812711607734,0.0566083485663452,0.219321666840227
5,"2","cancelled","Infr_Type","Upgrade",0.149789663224467,0.0600182342442815,0.230987617957878
6,"2","cancelled","Infr_Type","Upgrade",0.174828706041489,0.0708986051708909,0.267133094231977
7,"2","cancelled","Infr_Type","Upgrade",0.195463362756284,0.0790711454532719,0.297145270808121
8,"2","cancelled","Infr_Type","Upgrade",0.230869181311804,0.0939677172158145,0.347084836273011
9,"2","cancelled","Infr_Type","Upgrade",0.240398965961259,0.0977097472994671,0.36052314741759
10,"2","cancelled","Infr_Type","Upgrade",0.259586552959131,0.105481898580502,0.387142561241643
12,"2","cancelled","Infr_Type","Upgrade",0.259586552959131,0.105481898580502,0.387142561241643
1,"3","success","Infr_Type","New",0.0258012808972047,0.00155497615554334,0.0494587867770501
2,"3","success","Infr_Type","New",0.177635936256539,0.0961445349458371,0.251780091525881
3,"3","success","Infr_Type","New",0.22434065298332,0.127006211344355,0.310822791143977
4,"3","success","Infr_Type","New",0.379013677583005,0.237460163679235,0.494290010487045
5,"3","success","Infr_Type","New",0.431900824030212,0.276405856728457,0.553981086305672
6,"3","success","Infr_Type","New",0.485242105242827,0.317242060040625,0.611903905166444
7,"3","success","Infr_Type","New",0.501137001393378,0.329606049459746,0.628779031824143
8,"3","success","Infr_Type","New",0.556146636710309,0.373786010300984,0.68540177743672
9,"3","success","Infr_Type","New",0.566490932656383,0.381486794424985,0.696158287688588
10,"3","success","Infr_Type","New",0.606865112373178,0.412617211061033,0.73687509613869
11,"3","success","Infr_Type","New",0.617378681870316,0.420852928238348,0.747216069586643
12,"3","success","Infr_Type","New",0.676148289580976,0.467497869067095,0.8030431725079
13,"3","success","Infr_Type","New",0.676148289580976,0.467497869067095,0.8030431725079
14,"3","success","Infr_Type","New",0.703545172454434,0.482544554298695,0.830158392369491
16,"3","success","Infr_Type","New",0.740983921903428,0.498490783551448,0.866225133034196
1,"3","success","Infr_Type","Upgrade",0.0350295200363701,0.000734022301504433,0.0681479726289692
2,"3","success","Infr_Type","Upgrade",0.234159699603216,0.112097233300981,0.339441898697618
3,"3","success","Infr_Type","Upgrade",0.292869985651284,0.147272304868085,0.413607814021495
4,"3","success","Infr_Type","Upgrade",0.477914822122758,0.27060735506518,0.626301505983148
5,"3","success","Infr_Type","Upgrade",0.537610661159238,0.312924945756931,0.688820166947935
6,"3","success","Infr_Type","Upgrade",0.595801116240036,0.356976359618,0.745924212777397
7,"3","success","Infr_Type","Upgrade",0.612730231295943,0.370350889037697,0.761807217478827
8,"3","success","Infr_Type","Upgrade",0.66978538877584,0.417846270101448,0.812692620753413
9,"3","success","Infr_Type","Upgrade",0.68023862897527,0.426208720448466,0.821803958959554
10,"3","success","Infr_Type","Upgrade",0.720159497567703,0.459944636144628,0.854995039318724
11,"3","success","Infr_Type","Upgrade",0.730318157897854,0.468884309201309,0.863065058668784
12,"3","success","Infr_Type","Upgrade",0.785187825762601,0.519426241658118,0.9039808782739
13,"3","success","Infr_Type","Upgrade",0.785187825762601,0.519426241658118,0.9039808782739
14,"3","success","Infr_Type","Upgrade",0.80958816808094,0.535772075210131,0.921898998748979
16,"3","success","Infr_Type","Upgrade",0.841615102981027,0.553485272043693,0.943818705110741
1,"3","cancelled","Infr_Type","New",0.00256439576721956,0,0.00650633781870991
2,"3","cancelled","Infr_Type","New",0.0213635789034987,0.0035490269584143,0.0388596422630028
4,"3","cancelled","Infr_Type","New",0.0354896052748458,0.00753123764783392,0.0626603709641256
5,"3","cancelled","Infr_Type","New",0.0463416625112415,0.0105370075073012,0.0808506921813614
6,"3","cancelled","Infr_Type","New",0.0704514195356087,0.0176671939265829,0.120399361498279
7,"3","cancelled","Infr_Type","New",0.0772449746725372,0.019737071708227,0.131379130851262
8,"3","cancelled","Infr_Type","New",0.0842216651162214,0.0218895704978509,0.142581519073084
10,"3","cancelled","Infr_Type","New",0.0933070871449012,0.0245192032188551,0.157244262588897
11,"3","cancelled","Infr_Type","New",0.0933070871449012,0.0245192032188551,0.157244262588897
12,"3","cancelled","Infr_Type","New",0.0933070871449012,0.0245192032188551,0.157244262588897
13,"3","cancelled","Infr_Type","New",0.0933070871449012,0.0245192032188551,0.157244262588897
14,"3","cancelled","Infr_Type","New",0.0933070871449012,0.0245192032188551,0.157244262588897
16,"3","cancelled","Infr_Type","New",0.0933070871449012,0.0245192032188551,0.157244262588897
1,"3","cancelled","Infr_Type","Upgrade",0.00308669556056718,0,0.00819320504092558
2,"3","cancelled","Infr_Type","Upgrade",0.025665141652536,0,0.0517381852907538
4,"3","cancelled","Infr_Type","Upgrade",0.0425729372329207,0,0.0838075601898416
5,"3","cancelled","Infr_Type","Upgrade",0.0555278091273559,0,0.108079986905493
6,"3","cancelled","Infr_Type","Upgrade",0.0842014414423099,0.0011069496997772,0.160383587007367
7,"3","cancelled","Infr_Type","Upgrade",0.0922537964732312,0.00148673945623279,0.174769927874039
8,"3","cancelled","Infr_Type","Upgrade",0.100510642675259,0.00191287024662334,0.189368262728328
10,"3","cancelled","Infr_Type","Upgrade",0.111243920177787,0.00230478624397146,0.208287903429691
11,"3","cancelled","Infr_Type","Upgrade",0.111243920177787,0.00230478624397146,0.208287903429691
12,"3","cancelled","Infr_Type","Upgrade",0.111243920177787,0.00230478624397146,0.208287903429691
13,"3","cancelled","Infr_Type","Upgrade",0.111243920177787,0.00230478624397146,0.208287903429691
14,"3","cancelled","Infr_Type","Upgrade",0.111243920177787,0.00230478624397146,0.208287903429691
16,"3","cancelled","Infr_Type","Upgrade",0.111243920177787,0.00230478624397146,0.208287903429691
1,"4","success","Infr_Type","New",0.0533279873392665,0.0121457597163224,0.0927933869092167
2,"4","success","Infr_Type","New",0.447418275468463,0.320097852050481,0.550896311760264
3,"4","success","Infr_Type","New",0.536200453955129,0.395024712608149,0.644431725734115
4,"4","success","Infr_Type","New",0.711719633489931,0.559324728205202,0.811413131086969
5,"4","success","Infr_Type","New",0.75632591606196,0.602706640498091,0.85054605680426
6,"4","success","Infr_Type","New",0.822077577001011,0.671880803144031,0.903521680812455
7,"4","success","Infr_Type","New",0.849162135611656,0.700049667319407,0.924147237544609
8,"4","success","Infr_Type","New",0.862371438202288,0.714643651455641,0.933621168342213
10,"4","success","Infr_Type","New",0.913836540748125,0.750644444826254,0.970226684121489
1,"4","success","Infr_Type","Upgrade",0.0559671535930719,0.00866730979366903,0.101010161472959
2,"4","success","Infr_Type","Upgrade",0.463865450133825,0.271763487276573,0.605292716668037
3,"4","success","Infr_Type","Upgrade",0.55400225136943,0.337357510148763,0.699817028291993
4,"4","success","Infr_Type","Upgrade",0.729419058042744,0.487254104814365,0.857211833701819
5,"4","success","Infr_Type","Upgrade",0.773236863322856,0.528392109750983,0.890965521954042
6,"4","success","Infr_Type","Upgrade",0.837056789686457,0.595599723352815,0.934346014776723
7,"4","success","Infr_Type","Upgrade",0.863018343118575,0.623630242751512,0.950144840384738
8,"4","success","Infr_Type","Upgrade",0.875596372021081,0.638506338539979,0.957188011010177
10,"4","success","Infr_Type","Upgrade",0.923952169372497,0.673992192712471,0.982260325017159
2,"4","cancelled","Infr_Type","New",0.0283950748284386,0,0.0646720685132927
4,"4","cancelled","Infr_Type","New",0.0347641906053755,0,0.0782639433464528
6,"4","cancelled","Infr_Type","New",0.0347641906053755,0,0.0782639433464528
8,"4","cancelled","Infr_Type","New",0.0399395051048363,0,0.0895605213846994
10,"4","cancelled","Infr_Type","New",0.0399395051048363,0,0.0895605213846994
2,"4","cancelled","Infr_Type","Upgrade",0.0309522108040025,0,0.0692133796603189
4,"4","cancelled","Infr_Type","Upgrade",0.0378836300287612,0,0.0838266350617598
6,"4","cancelled","Infr_Type","Upgrade",0.0378836300287612,0,0.0838266350617598
8,"4","cancelled","Infr_Type","Upgrade",0.0435127728028989,0,0.0961360811717226
10,"4","cancelled","Infr_Type","Upgrade",0.0435127728028989,0,0.0961360811717226
0.0999999999999091,"1","success","Inv_Element_Category","Cable/Line",0.013303580815337,0,0.0317680826426689
1,"1","success","Inv_Element_Category","Cable/Line",0.13106207061483,0.0666804655147301,0.191002548188814
2,"1","success","Inv_Element_Category","Cable/Line",0.375304534326418,0.258270627721927,0.473872224266143
3,"1","success","Inv_Element_Category","Cable/Line",0.40840384493863,0.284532800829828,0.510828712917483
4,"1","success","Inv_Element_Category","Cable/Line",0.518769356106009,0.377253624780378,0.628126406129697
5,"1","success","Inv_Element_Category","Cable/Line",0.534134006793881,0.390674060903367,0.643817684919689
6,"1","success","Inv_Element_Category","Cable/Line",0.556790789855255,0.410845308142078,0.666582636662596
8,"1","success","Inv_Element_Category","Cable/Line",0.566763814197395,0.419356604946931,0.67674894042042
10,"1","success","Inv_Element_Category","Cable/Line",0.587119656679921,0.43265027695897,0.699532455949083
14,"1","success","Inv_Element_Category","Cable/Line",0.587119656679921,0.43265027695897,0.699532455949083
0.0999999999999091,"1","success","Inv_Element_Category","Nodal Infrastructure",0.00904004800636549,0,0.0222507019803665
1,"1","success","Inv_Element_Category","Nodal Infrastructure",0.0908600146351812,0.030871575438885,0.147135207221424
2,"1","success","Inv_Element_Category","Nodal Infrastructure",0.273139561819455,0.128993554703909,0.39343032483254
3,"1","success","Inv_Element_Category","Nodal Infrastructure",0.299481403837179,0.143261398000613,0.427215836400142
4,"1","success","Inv_Element_Category","Nodal Infrastructure",0.391000843665744,0.196455110908168,0.538445235044671
5,"1","success","Inv_Element_Category","Nodal Infrastructure",0.4042537739621,0.204560696367027,0.55381439637516
6,"1","success","Inv_Element_Category","Nodal Infrastructure",0.424056604374492,0.216920691569469,0.576402043326283
8,"1","success","Inv_Element_Category","Nodal Infrastructure",0.432876258282587,0.222209798816315,0.586483169972976
10,"1","success","Inv_Element_Category","Nodal Infrastructure",0.451083810828061,0.230804105400716,0.608280563052131
14,"1","success","Inv_Element_Category","Nodal Infrastructure",0.451083810828061,0.230804105400716,0.608280563052131
1,"1","cancelled","Inv_Element_Category","Cable/Line",0.0122437832227211,0.00313174274295047,0.0212725335775424
2,"1","cancelled","Inv_Element_Category","Cable/Line",0.126286608811329,0.0836465786392863,0.166942500406825
4,"1","cancelled","Inv_Element_Category","Cable/Line",0.181806648028609,0.124509786692413,0.235353689813337
5,"1","cancelled","Inv_Element_Category","Cable/Line",0.187898156769792,0.129092520979806,0.242733103498117
6,"1","cancelled","Inv_Element_Category","Cable/Line",0.275020030667989,0.19696104610734,0.345491332164071
8,"1","cancelled","Inv_Element_Category","Cable/Line",0.28615661235535,0.205466420718558,0.358652176104583
10,"1","cancelled","Inv_Element_Category","Cable/Line",0.28615661235535,0.205466420718558,0.358652176104583
14,"1","cancelled","Inv_Element_Category","Cable/Line",0.309279183701171,0.213513812643675,0.39338382067177
1,"1","cancelled","Inv_Element_Category","Nodal Infrastructure",0.0190259025589282,0.0045250851663774,0.0333154904147838
2,"1","cancelled","Inv_Element_Category","Nodal Infrastructure",0.189825959569263,0.119570417251238,0.254475328124941
4,"1","cancelled","Inv_Element_Category","Nodal Infrastructure",0.268660996437231,0.175311105802763,0.351444233218612
5,"1","cancelled","Inv_Element_Category","Nodal Infrastructure",0.277133336604195,0.181498861957763,0.361593785564144
6,"1","cancelled","Inv_Element_Category","Nodal Infrastructure",0.394365950320465,0.270998760906893,0.496855996311431
8,"1","cancelled","Inv_Element_Category","Nodal Infrastructure",0.408809841273932,0.281976826506474,0.513238824766559
10,"1","cancelled","Inv_Element_Category","Nodal Infrastructure",0.408809841273932,0.281976826506474,0.513238824766559
14,"1","cancelled","Inv_Element_Category","Nodal Infrastructure",0.4383975532441,0.292874664412226,0.553972552913763
1,"2","success","Inv_Element_Category","Cable/Line",0.0245329092397848,0.0052664997829629,0.0434261589173524
2,"2","success","Inv_Element_Category","Cable/Line",0.10840878377732,0.0513357108472968,0.162048254651357
3,"2","success","Inv_Element_Category","Cable/Line",0.169622734258601,0.0855233369855395,0.245987971757286
4,"2","success","Inv_Element_Category","Cable/Line",0.226973785057962,0.119492200549046,0.321335336995047
5,"2","success","Inv_Element_Category","Cable/Line",0.24778773893936,0.131261734809221,0.348683823008876
6,"2","success","Inv_Element_Category","Cable/Line",0.285975499472042,0.153426876959079,0.397770879468901
8,"2","success","Inv_Element_Category","Cable/Line",0.325934469409281,0.175652634893745,0.448819322092475
10,"2","success","Inv_Element_Category","Cable/Line",0.347269295963551,0.186991264640937,0.47594982260092
12,"2","success","Inv_Element_Category","Cable/Line",0.347269295963551,0.186991264640937,0.47594982260092
1,"2","success","Inv_Element_Category","Nodal Infrastructure",0.0294138755899285,0.00526116921735242,0.0529801433847917
2,"2","success","Inv_Element_Category","Nodal Infrastructure",0.128832613766854,0.0545886950355284,0.197246097173746
3,"2","success","Inv_Element_Category","Nodal Infrastructure",0.200215688299916,0.0910845595247316,0.296243724380891
4,"2","success","Inv_Element_Category","Nodal Infrastructure",0.266137487627002,0.127070339588701,0.383049732996061
5,"2","success","Inv_Element_Category","Nodal Infrastructure",0.289822390789199,0.139505914302526,0.413880647168463
6,"2","success","Inv_Element_Category","Nodal Infrastructure",0.332932118647334,0.163127375699156,0.46828281220922
8,"2","success","Inv_Element_Category","Nodal Infrastructure",0.377544958597654,0.187072532816349,0.523388870215568
10,"2","success","Inv_Element_Category","Nodal Infrastructure",0.401148673924106,0.199134209724301,0.552205981205164
12,"2","success","Inv_Element_Category","Nodal Infrastructure",0.401148673924106,0.199134209724301,0.552205981205164
1,"2","cancelled","Inv_Element_Category","Cable/Line",0.00314368852693681,0,0.0076911976076891
2,"2","cancelled","Inv_Element_Category","Cable/Line",0.0520453719853395,0.0235864303292895,0.0796748379096506
3,"2","cancelled","Inv_Element_Category","Cable/Line",0.0638656351827223,0.0298980010440244,0.0966439096765352
4,"2","cancelled","Inv_Element_Category","Cable/Line",0.111444762762819,0.0566911076438262,0.163020283155019
5,"2","cancelled","Inv_Element_Category","Cable/Line",0.117832744064606,0.0601812480545255,0.171947712435373
6,"2","cancelled","Inv_Element_Category","Cable/Line",0.137973492165332,0.0715024816164485,0.199685852146057
7,"2","cancelled","Inv_Element_Category","Cable/Line",0.154676064325933,0.0801256423289541,0.223184611828226
8,"2","cancelled","Inv_Element_Category","Cable/Line",0.183564448105573,0.0956708252204312,0.262915507995599
9,"2","cancelled","Inv_Element_Category","Cable/Line",0.191391227840193,0.0995751486321679,0.273844846218392
10,"2","cancelled","Inv_Element_Category","Cable/Line",0.207218118741728,0.10764683537331,0.295678957428996
12,"2","cancelled","Inv_Element_Category","Cable/Line",0.207218118741728,0.10764683537331,0.295678957428996
1,"2","cancelled","Inv_Element_Category","Nodal Infrastructure",0.00407964706811659,0,0.0100542643743823
2,"2","cancelled","Inv_Element_Category","Nodal Infrastructure",0.0670412262911534,0.0267751025469688,0.105641382872326
3,"2","cancelled","Inv_Element_Category","Nodal Infrastructure",0.0821169465902086,0.033827353767009,0.127993011371477
4,"2","cancelled","Inv_Element_Category","Nodal Infrastructure",0.142221465311693,0.0637947827925702,0.214078280009205
5,"2","cancelled","Inv_Element_Category","Nodal Infrastructure",0.150219339105116,0.067759452566132,0.225385364733696
6,"2","cancelled","Inv_Element_Category","Nodal Infrastructure",0.175322526294426,0.0806681186835292,0.260231316395202
7,"2","cancelled","Inv_Element_Category","Nodal Infrastructure",0.196008263815402,0.0906388249289986,0.289168341937785
8,"2","cancelled","Inv_Element_Category","Nodal Infrastructure",0.231497853838857,0.108675295559036,0.33739573725301
9,"2","cancelled","Inv_Element_Category","Nodal Infrastructure",0.241049326584219,0.113177890182304,0.350482900345507
10,"2","cancelled","Inv_Element_Category","Nodal Infrastructure",0.260279443816482,0.122518371008841,0.376412584421222
12,"2","cancelled","Inv_Element_Category","Nodal Infrastructure",0.260279443816482,0.122518371008841,0.376412584421222
1,"3","success","Inv_Element_Category","Cable/Line",0.0258012808972047,0.00155497615554334,0.0494587867770501
2,"3","success","Inv_Element_Category","Cable/Line",0.177635936256539,0.0961445349458371,0.251780091525881
3,"3","success","Inv_Element_Category","Cable/Line",0.22434065298332,0.127006211344355,0.310822791143977
4,"3","success","Inv_Element_Category","Cable/Line",0.379013677583005,0.237460163679235,0.494290010487045
5,"3","success","Inv_Element_Category","Cable/Line",0.431900824030212,0.276405856728457,0.553981086305672
6,"3","success","Inv_Element_Category","Cable/Line",0.485242105242827,0.317242060040625,0.611903905166444
7,"3","success","Inv_Element_Category","Cable/Line",0.501137001393378,0.329606049459746,0.628779031824143
8,"3","success","Inv_Element_Category","Cable/Line",0.556146636710309,0.373786010300984,0.68540177743672
9,"3","success","Inv_Element_Category","Cable/Line",0.566490932656383,0.381486794424985,0.696158287688588
10,"3","success","Inv_Element_Category","Cable/Line",0.606865112373178,0.412617211061033,0.73687509613869
11,"3","success","Inv_Element_Category","Cable/Line",0.617378681870316,0.420852928238348,0.747216069586643
12,"3","success","Inv_Element_Category","Cable/Line",0.676148289580976,0.467497869067095,0.8030431725079
13,"3","success","Inv_Element_Category","Cable/Line",0.676148289580976,0.467497869067095,0.8030431725079
14,"3","success","Inv_Element_Category","Cable/Line",0.703545172454434,0.482544554298695,0.830158392369491
16,"3","success","Inv_Element_Category","Cable/Line",0.740983921903428,0.498490783551448,0.866225133034196
1,"3","success","Inv_Element_Category","Nodal Infrastructure",0.0412963571561299,0.00126529374619677,0.0797229043439915
2,"3","success","Inv_Element_Category","Nodal Infrastructure",0.270596988351298,0.134636681486997,0.38519608813971
3,"3","success","Inv_Element_Category","Nodal Infrastructure",0.336258060549461,0.175628860735731,0.465588566602725
4,"3","success","Inv_Element_Category","Nodal Infrastructure",0.536375803518989,0.314683761118138,0.686352980759126
5,"3","success","Inv_Element_Category","Nodal Infrastructure",0.598397057657555,0.3605592973337,0.747771884671098
6,"3","success","Inv_Element_Category","Nodal Infrastructure",0.657460378442545,0.407990316310849,0.801804944125993
7,"3","success","Inv_Element_Category","Nodal Infrastructure",0.674362792557524,0.422219168082646,0.816470909013987
8,"3","success","Inv_Element_Category","Nodal Infrastructure",0.730307365227966,0.472446641462099,0.862129363649846
9,"3","success","Inv_Element_Category","Nodal Infrastructure",0.740375245769483,0.481229629518808,0.870067727756437
10,"3","success","Inv_Element_Category","Nodal Infrastructure",0.77825789449409,0.516473513512907,0.89831051094756
11,"3","success","Inv_Element_Category","Nodal Infrastructure",0.787746446489242,0.525761033524655,0.90500238453036
12,"3","success","Inv_Element_Category","Nodal Infrastructure",0.83781510973377,0.577516005609214,0.937739798477812
13,"3","success","Inv_Element_Category","Nodal Infrastructure",0.83781510973377,0.577516005609214,0.937739798477812
14,"3","success","Inv_Element_Category","Nodal Infrastructure",0.85937027547861,0.593520838524259,0.951346289568298
16,"3","success","Inv_Element_Category","Nodal Infrastructure",0.886894764032068,0.609968884480585,0.967200579917002
1,"3","cancelled","Inv_Element_Category","Cable/Line",0.00256439576721956,0,0.00650633781870991
2,"3","cancelled","Inv_Element_Category","Cable/Line",0.0213635789034987,0.0035490269584143,0.0388596422630028
4,"3","cancelled","Inv_Element_Category","Cable/Line",0.0354896052748458,0.00753123764783392,0.0626603709641256
5,"3","cancelled","Inv_Element_Category","Cable/Line",0.0463416625112415,0.0105370075073012,0.0808506921813614
6,"3","cancelled","Inv_Element_Category","Cable/Line",0.0704514195356087,0.0176671939265829,0.120399361498279
7,"3","cancelled","Inv_Element_Category","Cable/Line",0.0772449746725372,0.019737071708227,0.131379130851262
8,"3","cancelled","Inv_Element_Category","Cable/Line",0.0842216651162214,0.0218895704978509,0.142581519073084
10,"3","cancelled","Inv_Element_Category","Cable/Line",0.0933070871449012,0.0245192032188551,0.157244262588897
11,"3","cancelled","Inv_Element_Category","Cable/Line",0.0933070871449012,0.0245192032188551,0.157244262588897
12,"3","cancelled","Inv_Element_Category","Cable/Line",0.0933070871449012,0.0245192032188551,0.157244262588897
13,"3","cancelled","Inv_Element_Category","Cable/Line",0.0933070871449012,0.0245192032188551,0.157244262588897
14,"3","cancelled","Inv_Element_Category","Cable/Line",0.0933070871449012,0.0245192032188551,0.157244262588897
16,"3","cancelled","Inv_Element_Category","Cable/Line",0.0933070871449012,0.0245192032188551,0.157244262588897
1,"3","cancelled","Inv_Element_Category","Nodal Infrastructure",0.00131817410019164,0,0.0035709617720191
2,"3","cancelled","Inv_Element_Category","Nodal Infrastructure",0.0110322689641869,0,0.0232058809061054
4,"3","cancelled","Inv_Element_Category","Nodal Infrastructure",0.018391457836944,0,0.0378813032089577
5,"3","cancelled","Inv_Element_Category","Nodal Infrastructure",0.0240806853408183,0,0.0491689580940349
6,"3","cancelled","Inv_Element_Category","Nodal Infrastructure",0.0368340808908482,0,0.0740606483311923
7,"3","cancelled","Inv_Element_Category","Nodal Infrastructure",0.0404566498090807,0,0.0810447535822562
8,"3","cancelled","Inv_Element_Category","Nodal Infrastructure",0.0441903974388177,0,0.0882057774230041
10,"3","cancelled","Inv_Element_Category","Nodal Infrastructure",0.0490734829865617,0,0.0975817464980356
11,"3","cancelled","Inv_Element_Category","Nodal Infrastructure",0.0490734829865617,0,0.0975817464980356
12,"3","cancelled","Inv_Element_Category","Nodal Infrastructure",0.0490734829865617,0,0.0975817464980356
13,"3","cancelled","Inv_Element_Category","Nodal Infrastructure",0.0490734829865617,0,0.0975817464980356
14,"3","cancelled","Inv_Element_Category","Nodal Infrastructure",0.0490734829865617,0,0.0975817464980356
16,"3","cancelled","Inv_Element_Category","Nodal Infrastructure",0.0490734829865617,0,0.0975817464980356
1,"4","success","Inv_Element_Category","Cable/Line",0.0533279873392665,0.0121457597163224,0.0927933869092167
2,"4","success","Inv_Element_Category","Cable/Line",0.447418275468463,0.320097852050481,0.550896311760264
3,"4","success","Inv_Element_Category","Cable/Line",0.536200453955129,0.395024712608149,0.644431725734115
4,"4","success","Inv_Element_Category","Cable/Line",0.711719633489931,0.559324728205202,0.811413131086969
5,"4","success","Inv_Element_Category","Cable/Line",0.75632591606196,0.602706640498091,0.85054605680426
6,"4","success","Inv_Element_Category","Cable/Line",0.822077577001011,0.671880803144031,0.903521680812455
7,"4","success","Inv_Element_Category","Cable/Line",0.849162135611656,0.700049667319407,0.924147237544609
8,"4","success","Inv_Element_Category","Cable/Line",0.862371438202288,0.714643651455641,0.933621168342213
10,"4","success","Inv_Element_Category","Cable/Line",0.913836540748125,0.750644444826254,0.970226684121489
1,"4","success","Inv_Element_Category","Nodal Infrastructure",0.0367112785602318,0.00548649426234671,0.0669556969316368
2,"4","success","Inv_Element_Category","Nodal Infrastructure",0.332903332636179,0.184412980615385,0.454358697440163
3,"4","success","Inv_Element_Category","Nodal Infrastructure",0.408064317792454,0.232443382468342,0.543502272187679
4,"4","success","Inv_Element_Category","Nodal Infrastructure",0.572111727845954,0.351521375171178,0.717664751871653
5,"4","success","Inv_Element_Category","Nodal Infrastructure",0.61849092847826,0.388065428935693,0.762149127479048
6,"4","success","Inv_Element_Category","Nodal Infrastructure",0.692183706718118,0.451892820762675,0.827130762013296
7,"4","success","Inv_Element_Category","Nodal Infrastructure",0.724993240056002,0.480206426477905,0.854502398899549
8,"4","success","Inv_Element_Category","Nodal Infrastructure",0.741667453525481,0.495491911886407,0.867721239479943
10,"4","success","Inv_Element_Category","Nodal Infrastructure",0.812340288620774,0.534997135069098,0.924266773538767
2,"4","cancelled","Inv_Element_Category","Cable/Line",0.0283950748284386,0,0.0646720685132927
4,"4","cancelled","Inv_Element_Category","Cable/Line",0.0347641906053755,0,0.0782639433464528
6,"4","cancelled","Inv_Element_Category","Cable/Line",0.0347641906053755,0,0.0782639433464528
8,"4","cancelled","Inv_Element_Category","Cable/Line",0.0399395051048363,0,0.0895605213846994
10,"4","cancelled","Inv_Element_Category","Cable/Line",0.0399395051048363,0,0.0895605213846994
2,"4","cancelled","Inv_Element_Category","Nodal Infrastructure",0.0578607691534835,0,0.12663211670012
4,"4","cancelled","Inv_Element_Category","Nodal Infrastructure",0.070594612733342,0,0.152759619845458
6,"4","cancelled","Inv_Element_Category","Nodal Infrastructure",0.070594612733342,0,0.152759619845458
8,"4","cancelled","Inv_Element_Category","Nodal Infrastructure",0.0808757553304518,0,0.174245752214546
10,"4","cancelled","Inv_Element_Category","Nodal Infrastructure",0.0808757553304518,0,0.174245752214546
1,"1","success","Inv_Environment","Offshore",0.0458642987544021,0,0.108717527629019
2,"1","success","Inv_Environment","Offshore",0.387645489841237,0.168872462616889,0.548832123536137
4,"1","success","Inv_Environment","Offshore",0.542981925014854,0.276736225200648,0.711218053301409
6,"1","success","Inv_Environment","Offshore",0.563787418506544,0.292647818453195,0.730994798323678
8,"1","success","Inv_Environment","Offshore",0.589979779404419,0.311365832983326,0.755869532257498
10,"1","success","Inv_Environment","Offshore",0.638370620878522,0.332554461971738,0.80406520024073
0.0999999999999091,"1","success","Inv_Environment","Onshore",0.013303580815337,0,0.0317680826426689
1,"1","success","Inv_Environment","Onshore",0.13106207061483,0.0666804655147301,0.191002548188814
2,"1","success","Inv_Environment","Onshore",0.375304534326418,0.258270627721927,0.473872224266143
3,"1","success","Inv_Environment","Onshore",0.40840384493863,0.284532800829828,0.510828712917483
4,"1","success","Inv_Environment","Onshore",0.518769356106009,0.377253624780378,0.628126406129697
5,"1","success","Inv_Environment","Onshore",0.534134006793881,0.390674060903367,0.643817684919689
6,"1","success","Inv_Environment","Onshore",0.556790789855255,0.410845308142078,0.666582636662596
8,"1","success","Inv_Environment","Onshore",0.566763814197395,0.419356604946931,0.67674894042042
10,"1","success","Inv_Environment","Onshore",0.587119656679921,0.43265027695897,0.699532455949083
14,"1","success","Inv_Environment","Onshore",0.587119656679921,0.43265027695897,0.699532455949083
2,"1","cancelled","Inv_Environment","Offshore",0.126634219524655,0.0679332014757448,0.181638282027639
3,"1","cancelled","Inv_Environment","Offshore",0.131690930153651,0.070903894884164,0.188500913279115
4,"1","cancelled","Inv_Environment","Offshore",0.240624964658616,0.140076961652796,0.32941621681858
6,"1","cancelled","Inv_Environment","Offshore",0.306378252938614,0.184461292615258,0.410069536074739
8,"1","cancelled","Inv_Environment","Offshore",0.401725796608954,0.247796612122027,0.524155264106233
10,"1","cancelled","Inv_Environment","Offshore",0.42399363702697,0.259516992499467,0.551936605128404
14,"1","cancelled","Inv_Environment","Offshore",0.42399363702697,0.259516992499467,0.551936605128404
1,"1","cancelled","Inv_Environment","Onshore",0.0122437832227211,0.00313174274295047,0.0212725335775424
2,"1","cancelled","Inv_Environment","Onshore",0.126286608811329,0.0836465786392863,0.166942500406825
4,"1","cancelled","Inv_Environment","Onshore",0.181806648028609,0.124509786692413,0.235353689813337
5,"1","cancelled","Inv_Environment","Onshore",0.187898156769792,0.129092520979806,0.242733103498117
6,"1","cancelled","Inv_Environment","Onshore",0.275020030667989,0.19696104610734,0.345491332164071
8,"1","cancelled","Inv_Environment","Onshore",0.28615661235535,0.205466420718558,0.358652176104583
10,"1","cancelled","Inv_Environment","Onshore",0.28615661235535,0.205466420718558,0.358652176104583
14,"1","cancelled","Inv_Environment","Onshore",0.309279183701171,0.213513812643675,0.39338382067177
1,"2","success","Inv_Environment","Offshore",0.0314974175398155,0,0.0705843522471069
2,"2","success","Inv_Environment","Offshore",0.123929615242641,0.0211572279359068,0.215911542738906
4,"2","success","Inv_Environment","Offshore",0.164491108965704,0.0300945282683994,0.280264801732622
5,"2","success","Inv_Environment","Offshore",0.190133019247234,0.0347651456892526,0.320492288913506
6,"2","success","Inv_Environment","Offshore",0.218191544212842,0.039812206476076,0.363432376809245
8,"2","success","Inv_Environment","Offshore",0.218191544212842,0.039812206476076,0.363432376809245
10,"2","success","Inv_Environment","Offshore",0.218191544212842,0.039812206476076,0.363432376809245
1,"2","success","Inv_Environment","Onshore",0.0245329092397848,0.0052664997829629,0.0434261589173524
2,"2","success","Inv_Environment","Onshore",0.10840878377732,0.0513357108472968,0.162048254651357
3,"2","success","Inv_Environment","Onshore",0.169622734258601,0.0855233369855395,0.245987971757286
4,"2","success","Inv_Environment","Onshore",0.226973785057962,0.119492200549046,0.321335336995047
5,"2","success","Inv_Environment","Onshore",0.24778773893936,0.131261734809221,0.348683823008876
6,"2","success","Inv_Environment","Onshore",0.285975499472042,0.153426876959079,0.397770879468901
8,"2","success","Inv_Environment","Onshore",0.325934469409281,0.175652634893745,0.448819322092475
10,"2","success","Inv_Environment","Onshore",0.347269295963551,0.186991264640937,0.47594982260092
12,"2","success","Inv_Environment","Onshore",0.347269295963551,0.186991264640937,0.47594982260092
1,"2","cancelled","Inv_Environment","Offshore",0.0140699033013952,0,0.0354507003141279
2,"2","cancelled","Inv_Environment","Offshore",0.19316532530928,0.031556500986374,0.327805707874218
4,"2","cancelled","Inv_Environment","Offshore",0.218410409847037,0.030067386586089,0.370180691950001
6,"2","cancelled","Inv_Environment","Offshore",0.218410409847037,0.030067386586089,0.370180691950001
8,"2","cancelled","Inv_Environment","Offshore",0.218410409847037,0.030067386586089,0.370180691950001
10,"2","cancelled","Inv_Environment","Offshore",0.218410409847037,0.030067386586089,0.370180691950001
1,"2","cancelled","Inv_Environment","Onshore",0.00314368852693681,0,0.0076911976076891
2,"2","cancelled","Inv_Environment","Onshore",0.0520453719853395,0.0235864303292895,0.0796748379096506
3,"2","cancelled","Inv_Environment","Onshore",0.0638656351827223,0.0298980010440244,0.0966439096765352
4,"2","cancelled","Inv_Environment","Onshore",0.111444762762819,0.0566911076438262,0.163020283155019
5,"2","cancelled","Inv_Environment","Onshore",0.117832744064606,0.0601812480545255,0.171947712435373
6,"2","cancelled","Inv_Environment","Onshore",0.137973492165332,0.0715024816164485,0.199685852146057
7,"2","cancelled","Inv_Environment","Onshore",0.154676064325933,0.0801256423289541,0.223184611828226
8,"2","cancelled","Inv_Environment","Onshore",0.183564448105573,0.0956708252204312,0.262915507995599
9,"2","cancelled","Inv_Environment","Onshore",0.191391227840193,0.0995751486321679,0.273844846218392
10,"2","cancelled","Inv_Environment","Onshore",0.207218118741728,0.10764683537331,0.295678957428996
12,"2","cancelled","Inv_Environment","Onshore",0.207218118741728,0.10764683537331,0.295678957428996
1,"3","success","Inv_Environment","Offshore",0.108136802400417,0,0.228950554046884
2,"3","success","Inv_Environment","Offshore",0.482154701233687,0.127745311400515,0.692562554309748
3,"3","success","Inv_Environment","Offshore",0.584370515896087,0.183795146401029,0.788352314624484
4,"3","success","Inv_Environment","Offshore",0.766550385404419,0.312504146289358,0.920728652746518
6,"3","success","Inv_Environment","Offshore",0.881222358099989,0.416740628354569,0.975811570458736
8,"3","success","Inv_Environment","Offshore",0.907785809723202,0.445261692122284,0.984671228275297
10,"3","success","Inv_Environment","Offshore",0.907785809723202,0.445261692122284,0.984671228275297
11,"3","success","Inv_Environment","Offshore",0.907785809723202,0.445261692122284,0.984671228275297
12,"3","success","Inv_Environment","Offshore",0.907785809723202,0.445261692122284,0.984671228275297
14,"3","success","Inv_Environment","Offshore",0.907785809723202,0.445261692122284,0.984671228275297
16,"3","success","Inv_Environment","Offshore",0.907785809723202,0.445261692122284,0.984671228275297
1,"3","success","Inv_Environment","Onshore",0.0258012808972047,0.00155497615554334,0.0494587867770501
2,"3","success","Inv_Environment","Onshore",0.177635936256539,0.0961445349458371,0.251780091525881
3,"3","success","Inv_Environment","Onshore",0.22434065298332,0.127006211344355,0.310822791143977
4,"3","success","Inv_Environment","Onshore",0.379013677583005,0.237460163679235,0.494290010487045
5,"3","success","Inv_Environment","Onshore",0.431900824030212,0.276405856728457,0.553981086305672
6,"3","success","Inv_Environment","Onshore",0.485242105242827,0.317242060040625,0.611903905166444
7,"3","success","Inv_Environment","Onshore",0.501137001393378,0.329606049459746,0.628779031824143
8,"3","success","Inv_Environment","Onshore",0.556146636710309,0.373786010300984,0.68540177743672
9,"3","success","Inv_Environment","Onshore",0.566490932656383,0.381486794424985,0.696158287688588
10,"3","success","Inv_Environment","Onshore",0.606865112373178,0.412617211061033,0.73687509613869
11,"3","success","Inv_Environment","Onshore",0.617378681870316,0.420852928238348,0.747216069586643
12,"3","success","Inv_Environment","Onshore",0.676148289580976,0.467497869067095,0.8030431725079
13,"3","success","Inv_Environment","Onshore",0.676148289580976,0.467497869067095,0.8030431725079
14,"3","success","Inv_Environment","Onshore",0.703545172454434,0.482544554298695,0.830158392369491
16,"3","success","Inv_Environment","Onshore",0.740983921903428,0.498490783551448,0.866225133034196
1,"3","cancelled","Inv_Environment","Offshore",0.019799033161595,0,0.054343092061191
2,"3","cancelled","Inv_Environment","Offshore",0.0517397479525918,0,0.121173742864033
4,"3","cancelled","Inv_Environment","Offshore",0.0517397479525918,0,0.121173742864033
6,"3","cancelled","Inv_Environment","Offshore",0.0517397479525918,0,0.121173742864033
8,"3","cancelled","Inv_Environment","Offshore",0.0517397479525918,0,0.121173742864033
10,"3","cancelled","Inv_Environment","Offshore",0.0517397479525918,0,0.121173742864033
11,"3","cancelled","Inv_Environment","Offshore",0.0517397479525918,0,0.121173742864033
1,"3","cancelled","Inv_Environment","Onshore",0.00256439576721956,0,0.00650633781870991
2,"3","cancelled","Inv_Environment","Onshore",0.0213635789034987,0.0035490269584143,0.0388596422630028
4,"3","cancelled","Inv_Environment","Onshore",0.0354896052748458,0.00753123764783392,0.0626603709641256
5,"3","cancelled","Inv_Environment","Onshore",0.0463416625112415,0.0105370075073012,0.0808506921813614
6,"3","cancelled","Inv_Environment","Onshore",0.0704514195356087,0.0176671939265829,0.120399361498279
7,"3","cancelled","Inv_Environment","Onshore",0.0772449746725372,0.019737071708227,0.131379130851262
8,"3","cancelled","Inv_Environment","Onshore",0.0842216651162214,0.0218895704978509,0.142581519073084
10,"3","cancelled","Inv_Environment","Onshore",0.0933070871449012,0.0245192032188551,0.157244262588897
11,"3","cancelled","Inv_Environment","Onshore",0.0933070871449012,0.0245192032188551,0.157244262588897
12,"3","cancelled","Inv_Environment","Onshore",0.0933070871449012,0.0245192032188551,0.157244262588897
13,"3","cancelled","Inv_Environment","Onshore",0.0933070871449012,0.0245192032188551,0.157244262588897
14,"3","cancelled","Inv_Environment","Onshore",0.0933070871449012,0.0245192032188551,0.157244262588897
16,"3","cancelled","Inv_Environment","Onshore",0.0933070871449012,0.0245192032188551,0.157244262588897
2,"4","success","Inv_Environment","Offshore",0.138550028462462,0,0.270403660209328
3,"4","success","Inv_Environment","Offshore",0.229666624344703,0.00437328499942446,0.403979924696837
4,"4","success","Inv_Environment","Offshore",0.46976163143943,0.105002183554512,0.685862107898339
5,"4","success","Inv_Environment","Offshore",0.732359753113098,0.265864086850534,0.902427737874338
6,"4","success","Inv_Environment","Offshore",0.963001007084801,0.488188309681253,0.997325333706453
8,"4","success","Inv_Environment","Offshore",0.963001007084801,0.488188309681253,0.997325333706453
10,"4","success","Inv_Environment","Offshore",0.963001007084801,0.488188309681253,0.997325333706453
1,"4","success","Inv_Environment","Onshore",0.0533279873392665,0.0121457597163224,0.0927933869092167
2,"4","success","Inv_Environment","Onshore",0.447418275468463,0.320097852050481,0.550896311760264
3,"4","success","Inv_Environment","Onshore",0.536200453955129,0.395024712608149,0.644431725734115
4,"4","success","Inv_Environment","Onshore",0.711719633489931,0.559324728205202,0.811413131086969
5,"4","success","Inv_Environment","Onshore",0.75632591606196,0.602706640498091,0.85054605680426
6,"4","success","Inv_Environment","Onshore",0.822077577001011,0.671880803144031,0.903521680812455
7,"4","success","Inv_Environment","Onshore",0.849162135611656,0.700049667319407,0.924147237544609
8,"4","success","Inv_Environment","Onshore",0.862371438202288,0.714643651455641,0.933621168342213
10,"4","success","Inv_Environment","Onshore",0.913836540748125,0.750644444826254,0.970226684121489
2,"4","cancelled","Inv_Environment","Offshore",0.00398342040923905,0,0.0150319311762218
4,"4","cancelled","Inv_Environment","Offshore",0.00398342040923905,0,0.0150319311762218
6,"4","cancelled","Inv_Environment","Offshore",0.00398342040923905,0,0.0150319311762218
8,"4","cancelled","Inv_Environment","Offshore",0.00398342040923905,0,0.0150319311762218
2,"4","cancelled","Inv_Environment","Onshore",0.0283950748284386,0,0.0646720685132927
4,"4","cancelled","Inv_Environment","Onshore",0.0347641906053755,0,0.0782639433464528
6,"4","cancelled","Inv_Environment","Onshore",0.0347641906053755,0,0.0782639433464528
8,"4","cancelled","Inv_Environment","Onshore",0.0399395051048363,0,0.0895605213846994
10,"4","cancelled","Inv_Environment","Onshore",0.0399395051048363,0,0.0895605213846994
0.0999999999999091,"1","success","Inv_Technology","AC",0.013303580815337,0,0.0317680826426689
1,"1","success","Inv_Technology","AC",0.13106207061483,0.0666804655147301,0.191002548188814
2,"1","success","Inv_Technology","AC",0.375304534326418,0.258270627721927,0.473872224266143
3,"1","success","Inv_Technology","AC",0.40840384493863,0.284532800829828,0.510828712917483
4,"1","success","Inv_Technology","AC",0.518769356106009,0.377253624780378,0.628126406129697
5,"1","success","Inv_Technology","AC",0.534134006793881,0.390674060903367,0.643817684919689
6,"1","success","Inv_Technology","AC",0.556790789855255,0.410845308142078,0.666582636662596
8,"1","success","Inv_Technology","AC",0.566763814197395,0.419356604946931,0.67674894042042
10,"1","success","Inv_Technology","AC",0.587119656679921,0.43265027695897,0.699532455949083
14,"1","success","Inv_Technology","AC",0.587119656679921,0.43265027695897,0.699532455949083
0.0999999999999091,"1","success","Inv_Technology","DC",0.00507321270520267,0,0.0125719414353052
1,"1","success","Inv_Technology","DC",0.0519524057715691,0.0162340438066076,0.0863739131610819
2,"1","success","Inv_Technology","DC",0.163622680978766,0.0706947602029213,0.247258069990121
3,"1","success","Inv_Technology","DC",0.18073672263122,0.0787566118352955,0.271427804782209
4,"1","success","Inv_Technology","DC",0.242523284533359,0.109310455265464,0.35581260848286
5,"1","success","Inv_Technology","DC",0.251800255054376,0.114022428952545,0.368152336322844
6,"1","success","Inv_Technology","DC",0.265833062380692,0.121246597255744,0.386629866114808
8,"1","success","Inv_Technology","DC",0.272151120823921,0.124361695008485,0.394996783605752
10,"1","success","Inv_Technology","DC",0.285332621323035,0.129355725943479,0.413366081459065
14,"1","success","Inv_Technology","DC",0.285332621323035,0.129355725943479,0.413366081459065
1,"1","cancelled","Inv_Technology","AC",0.0122437832227211,0.00313174274295047,0.0212725335775424
2,"1","cancelled","Inv_Technology","AC",0.126286608811329,0.0836465786392863,0.166942500406825
4,"1","cancelled","Inv_Technology","AC",0.181806648028609,0.124509786692413,0.235353689813337
5,"1","cancelled","Inv_Technology","AC",0.187898156769792,0.129092520979806,0.242733103498117
6,"1","cancelled","Inv_Technology","AC",0.275020030667989,0.19696104610734,0.345491332164071
8,"1","cancelled","Inv_Technology","AC",0.28615661235535,0.205466420718558,0.358652176104583
10,"1","cancelled","Inv_Technology","AC",0.28615661235535,0.205466420718558,0.358652176104583
14,"1","cancelled","Inv_Technology","AC",0.309279183701171,0.213513812643675,0.39338382067177
1,"1","cancelled","Inv_Technology","DC",0.0160271809621821,0.00383111588749707,0.0280739299864684
2,"1","cancelled","Inv_Technology","DC",0.16226892852829,0.101702668425948,0.218751605462955
4,"1","cancelled","Inv_Technology","DC",0.231384088556076,0.148571524077158,0.306142047123274
5,"1","cancelled","Inv_Technology","DC",0.238880378719282,0.153717687607231,0.315473017200858
6,"1","cancelled","Inv_Technology","DC",0.344133225348466,0.229062091280855,0.442028701369108
8,"1","cancelled","Inv_Technology","DC",0.357314892919322,0.238311714770916,0.45772548314948
10,"1","cancelled","Inv_Technology","DC",0.357314892919322,0.238311714770916,0.45772548314948
14,"1","cancelled","Inv_Technology","DC",0.384478724651742,0.247270171985097,0.496676727418266
1,"2","success","Inv_Technology","AC",0.0245329092397848,0.0052664997829629,0.0434261589173524
2,"2","success","Inv_Technology","AC",0.10840878377732,0.0513357108472968,0.162048254651357
3,"2","success","Inv_Technology","AC",0.169622734258601,0.0855233369855395,0.245987971757286
4,"2","success","Inv_Technology","AC",0.226973785057962,0.119492200549046,0.321335336995047
5,"2","success","Inv_Technology","AC",0.24778773893936,0.131261734809221,0.348683823008876
6,"2","success","Inv_Technology","AC",0.285975499472042,0.153426876959079,0.397770879468901
8,"2","success","Inv_Technology","AC",0.325934469409281,0.175652634893745,0.448819322092475
10,"2","success","Inv_Technology","AC",0.347269295963551,0.186991264640937,0.47594982260092
12,"2","success","Inv_Technology","AC",0.347269295963551,0.186991264640937,0.47594982260092
1,"2","success","Inv_Technology","DC",0.034296363936459,0.00460529606216198,0.0631017936734134
2,"2","success","Inv_Technology","DC",0.148894231104012,0.0549196263587078,0.233524417550785
3,"2","success","Inv_Technology","DC",0.22983638279496,0.0919151519327399,0.34680993903951
4,"2","success","Inv_Technology","DC",0.303511012459963,0.128899671465657,0.443121654447384
5,"2","success","Inv_Technology","DC",0.329714551822975,0.141642006563585,0.476579020090227
6,"2","success","Inv_Technology","DC",0.377027722863931,0.165114278925581,0.535152598393157
8,"2","success","Inv_Technology","DC",0.425449006567247,0.187882464608639,0.593520851762568
10,"2","success","Inv_Technology","DC",0.450834048749561,0.19942752078886,0.623290520416127
12,"2","success","Inv_Technology","DC",0.450834048749561,0.19942752078886,0.623290520416127
1,"2","cancelled","Inv_Technology","AC",0.00314368852693681,0,0.0076911976076891
2,"2","cancelled","Inv_Technology","AC",0.0520453719853395,0.0235864303292895,0.0796748379096506
3,"2","cancelled","Inv_Technology","AC",0.0638656351827223,0.0298980010440244,0.0966439096765352
4,"2","cancelled","Inv_Technology","AC",0.111444762762819,0.0566911076438262,0.163020283155019
5,"2","cancelled","Inv_Technology","AC",0.117832744064606,0.0601812480545255,0.171947712435373
6,"2","cancelled","Inv_Technology","AC",0.137973492165332,0.0715024816164485,0.199685852146057
7,"2","cancelled","Inv_Technology","AC",0.154676064325933,0.0801256423289541,0.223184611828226
8,"2","cancelled","Inv_Technology","AC",0.183564448105573,0.0956708252204312,0.262915507995599
9,"2","cancelled","Inv_Technology","AC",0.191391227840193,0.0995751486321679,0.273844846218392
10,"2","cancelled","Inv_Technology","AC",0.207218118741728,0.10764683537331,0.295678957428996
12,"2","cancelled","Inv_Technology","AC",0.207218118741728,0.10764683537331,0.295678957428996
1,"2","cancelled","Inv_Technology","DC",0.00186972150262144,0,0.00476366884712853
2,"2","cancelled","Inv_Technology","DC",0.03126919214053,0.0068996307554422,0.0550407520138942
3,"2","cancelled","Inv_Technology","DC",0.038467099617353,0.00885786435167613,0.0671917929172655
4,"2","cancelled","Inv_Technology","DC",0.0678209623807768,0.0173805773319314,0.115672112589375
5,"2","cancelled","Inv_Technology","DC",0.0718100505604322,0.0185133014880106,0.122212676395122
6,"2","cancelled","Inv_Technology","DC",0.0844646893514142,0.0222451753053527,0.142724859162752
7,"2","cancelled","Inv_Technology","DC",0.0950503249945881,0.0250500397434341,0.160024670315498
8,"2","cancelled","Inv_Technology","DC",0.113561469878206,0.0302462147234385,0.189718792940422
9,"2","cancelled","Inv_Technology","DC",0.118622249160938,0.0315408163538572,0.197873536859389
10,"2","cancelled","Inv_Technology","DC",0.128917002813151,0.0342464897056929,0.214307191327951
12,"2","cancelled","Inv_Technology","DC",0.128917002813151,0.0342464897056929,0.214307191327951
1,"3","success","Inv_Technology","AC",0.0258012808972047,0.00155497615554334,0.0494587867770501
2,"3","success","Inv_Technology","AC",0.177635936256539,0.0961445349458371,0.251780091525881
3,"3","success","Inv_Technology","AC",0.22434065298332,0.127006211344355,0.310822791143977
4,"3","success","Inv_Technology","AC",0.379013677583005,0.237460163679235,0.494290010487045
5,"3","success","Inv_Technology","AC",0.431900824030212,0.276405856728457,0.553981086305672
6,"3","success","Inv_Technology","AC",0.485242105242827,0.317242060040625,0.611903905166444
7,"3","success","Inv_Technology","AC",0.501137001393378,0.329606049459746,0.628779031824143
8,"3","success","Inv_Technology","AC",0.556146636710309,0.373786010300984,0.68540177743672
9,"3","success","Inv_Technology","AC",0.566490932656383,0.381486794424985,0.696158287688588
10,"3","success","Inv_Technology","AC",0.606865112373178,0.412617211061033,0.73687509613869
11,"3","success","Inv_Technology","AC",0.617378681870316,0.420852928238348,0.747216069586643
12,"3","success","Inv_Technology","AC",0.676148289580976,0.467497869067095,0.8030431725079
13,"3","success","Inv_Technology","AC",0.676148289580976,0.467497869067095,0.8030431725079
14,"3","success","Inv_Technology","AC",0.703545172454434,0.482544554298695,0.830158392369491
16,"3","success","Inv_Technology","AC",0.740983921903428,0.498490783551448,0.866225133034196
1,"3","success","Inv_Technology","DC",0.0237020656693254,0,0.04873209615052
2,"3","success","Inv_Technology","DC",0.164285068568848,0.048879282507482,0.265687905045062
3,"3","success","Inv_Technology","DC",0.207943686383373,0.0660793979028462,0.328258523763995
4,"3","success","Inv_Technology","DC",0.354166338110607,0.130251256937257,0.520434927723289
5,"3","success","Inv_Technology","DC",0.404823080065278,0.154316039201562,0.581125358356641
6,"3","success","Inv_Technology","DC",0.456310379803417,0.180142276530628,0.639451584527827
7,"3","success","Inv_Technology","DC",0.471736020944758,0.187925474188661,0.656358101753694
8,"3","success","Inv_Technology","DC",0.525443913398837,0.216182401746804,0.712683818490303
9,"3","success","Inv_Technology","DC",0.535602856225088,0.221046570575187,0.723135300520411
10,"3","success","Inv_Technology","DC",0.575449823992842,0.241004420637804,0.762524503635223
11,"3","success","Inv_Technology","DC",0.585880193734404,0.246353810043968,0.772445988280708
12,"3","success","Inv_Technology","DC",0.644641508931428,0.277509751067468,0.825216108644915
13,"3","success","Inv_Technology","DC",0.644641508931428,0.277509751067468,0.825216108644915
14,"3","success","Inv_Technology","DC",0.672327452011579,0.286040526117978,0.849614295162408
16,"3","success","Inv_Technology","DC",0.710508187385005,0.293597932477088,0.881362876152118
1,"3","cancelled","Inv_Technology","AC",0.00256439576721956,0,0.00650633781870991
2,"3","cancelled","Inv_Technology","AC",0.0213635789034987,0.0035490269584143,0.0388596422630028
4,"3","cancelled","Inv_Technology","AC",0.0354896052748458,0.00753123764783392,0.0626603709641256
5,"3","cancelled","Inv_Technology","AC",0.0463416625112415,0.0105370075073012,0.0808506921813614
6,"3","cancelled","Inv_Technology","AC",0.0704514195356087,0.0176671939265829,0.120399361498279
7,"3","cancelled","Inv_Technology","AC",0.0772449746725372,0.019737071708227,0.131379130851262
8,"3","cancelled","Inv_Technology","AC",0.0842216651162214,0.0218895704978509,0.142581519073084
10,"3","cancelled","Inv_Technology","AC",0.0933070871449012,0.0245192032188551,0.157244262588897
11,"3","cancelled","Inv_Technology","AC",0.0933070871449012,0.0245192032188551,0.157244262588897
12,"3","cancelled","Inv_Technology","AC",0.0933070871449012,0.0245192032188551,0.157244262588897
13,"3","cancelled","Inv_Technology","AC",0.0933070871449012,0.0245192032188551,0.157244262588897
14,"3","cancelled","Inv_Technology","AC",0.0933070871449012,0.0245192032188551,0.157244262588897
16,"3","cancelled","Inv_Technology","AC",0.0933070871449012,0.0245192032188551,0.157244262588897
1,"3","cancelled","Inv_Technology","DC",0.00166565871577284,0,0.00458993704250266
2,"3","cancelled","Inv_Technology","DC",0.0139225702085175,0,0.0302378489114556
4,"3","cancelled","Inv_Technology","DC",0.0231870351123669,0,0.0493450000097245
5,"3","cancelled","Inv_Technology","DC",0.0303366482028055,0,0.0639471063464142
6,"3","cancelled","Inv_Technology","DC",0.0463237580500891,0,0.0960227733819854
7,"3","cancelled","Inv_Technology","DC",0.0508547113200911,0,0.105001439873002
8,"3","cancelled","Inv_Technology","DC",0.0555200014462981,0,0.114190536432508
10,"3","cancelled","Inv_Technology","DC",0.061614126369999,0,0.126230887060765
11,"3","cancelled","Inv_Technology","DC",0.061614126369999,0,0.126230887060765
12,"3","cancelled","Inv_Technology","DC",0.061614126369999,0,0.126230887060765
13,"3","cancelled","Inv_Technology","DC",0.061614126369999,0,0.126230887060765
14,"3","cancelled","Inv_Technology","DC",0.061614126369999,0,0.126230887060765
16,"3","cancelled","Inv_Technology","DC",0.061614126369999,0,0.126230887060765
1,"4","success","Inv_Technology","AC",0.0533279873392665,0.0121457597163224,0.0927933869092167
2,"4","success","Inv_Technology","AC",0.447418275468463,0.320097852050481,0.550896311760264
3,"4","success","Inv_Technology","AC",0.536200453955129,0.395024712608149,0.644431725734115
4,"4","success","Inv_Technology","AC",0.711719633489931,0.559324728205202,0.811413131086969
5,"4","success","Inv_Technology","AC",0.75632591606196,0.602706640498091,0.85054605680426
6,"4","success","Inv_Technology","AC",0.822077577001011,0.671880803144031,0.903521680812455
7,"4","success","Inv_Technology","AC",0.849162135611656,0.700049667319407,0.924147237544609
8,"4","success","Inv_Technology","AC",0.862371438202288,0.714643651455641,0.933621168342213
10,"4","success","Inv_Technology","AC",0.913836540748125,0.750644444826254,0.970226684121489
1,"4","success","Inv_Technology","DC",0.0530390407096735,0.00393241261526345,0.0997246875841904
2,"4","success","Inv_Technology","DC",0.445590039987354,0.202073732829225,0.614788463035471
3,"4","success","Inv_Technology","DC",0.534211874821273,0.255566616166064,0.708558774674846
4,"4","success","Inv_Technology","DC",0.709715951060469,0.384046330937225,0.863196156949687
5,"4","success","Inv_Technology","DC",0.754402471157222,0.421737119915816,0.895690786576344
6,"4","success","Inv_Technology","DC",0.82035882166181,0.484661103510506,0.937379163159303
7,"4","success","Inv_Technology","DC",0.847564902888539,0.510675512853255,0.952513190241362
8,"4","success","Inv_Technology","DC",0.860843078920895,0.524617875707247,0.959265088663092
10,"4","success","Inv_Technology","DC",0.912652204104334,0.559211805738785,0.982690921519306
2,"4","cancelled","Inv_Technology","AC",0.0283950748284386,0,0.0646720685132927
4,"4","cancelled","Inv_Technology","AC",0.0347641906053755,0,0.0782639433464528
6,"4","cancelled","Inv_Technology","AC",0.0347641906053755,0,0.0782639433464528
8,"4","cancelled","Inv_Technology","AC",0.0399395051048363,0,0.0895605213846994
10,"4","cancelled","Inv_Technology","AC",0.0399395051048363,0,0.0895605213846994
2,"4","cancelled","Inv_Technology","DC",0.110731159907793,0,0.24049454786436
4,"4","cancelled","Inv_Technology","DC",0.134241861383945,0,0.28544898740563
6,"4","cancelled","Inv_Technology","DC",0.134241861383945,0,0.28544898740563
8,"4","cancelled","Inv_Technology","DC",0.152997869308863,0,0.321039652334668
10,"4","cancelled","Inv_Technology","DC",0.152997869308863,0,0.321039652334668
0.0999999999999091,"1","success","Covid19","0",0.0421478330174462,0,0.100793254734554
1,"1","success","Covid19","0",0.363451194748148,0.146313694305149,0.525359164409045
2,"1","success","Covid19","0",0.779699056635868,0.488782807976236,0.905064801410532
3,"1","success","Covid19","0",0.815074230261325,0.526765596681359,0.927736571826509
4,"1","success","Covid19","0",0.904791319614715,0.648743425486719,0.974193528382301
5,"1","success","Covid19","0",0.914223967503161,0.664872042814872,0.978045616329066
6,"1","success","Covid19","0",0.926928513265043,0.688396295842936,0.982864638313267
8,"1","success","Covid19","0",0.932084651025095,0.698066800103416,0.984723459930995
10,"1","success","Covid19","0",0.9418209125683,0.713001161804869,0.988206202381614
14,"1","success","Covid19","0",0.9418209125683,0.713001161804869,0.988206202381614
0.0999999999999091,"1","success","Covid19","1",0.013303580815337,0,0.0317680826426689
1,"1","success","Covid19","1",0.13106207061483,0.0666804655147301,0.191002548188814
2,"1","success","Covid19","1",0.375304534326418,0.258270627721927,0.473872224266143
3,"1","success","Covid19","1",0.40840384493863,0.284532800829828,0.510828712917483
4,"1","success","Covid19","1",0.518769356106009,0.377253624780378,0.628126406129697
5,"1","success","Covid19","1",0.534134006793881,0.390674060903367,0.643817684919689
6,"1","success","Covid19","1",0.556790789855255,0.410845308142078,0.666582636662596
8,"1","success","Covid19","1",0.566763814197395,0.419356604946931,0.67674894042042
10,"1","success","Covid19","1",0.587119656679921,0.43265027695897,0.699532455949083
14,"1","success","Covid19","1",0.587119656679921,0.43265027695897,0.699532455949083
1,"1","cancelled","Covid19","0",0.0192296432484885,0.00373438196443565,0.0344839014125758
2,"1","cancelled","Covid19","0",0.191668022741282,0.105730052627829,0.269347485757496
4,"1","cancelled","Covid19","0",0.271131099459993,0.155849294024796,0.370669395388739
5,"1","cancelled","Covid19","0",0.279665591550556,0.161413212347981,0.381242743581686
6,"1","cancelled","Covid19","0",0.39764118091757,0.243795316388569,0.520187913682878
8,"1","cancelled","Covid19","0",0.412160413420103,0.254243948030175,0.536637512176159
10,"1","cancelled","Covid19","0",0.412160413420103,0.254243948030175,0.536637512176159
14,"1","cancelled","Covid19","0",0.441890379466309,0.265807854703347,0.575742739107617
1,"1","cancelled","Covid19","1",0.0122437832227211,0.00313174274295047,0.0212725335775424
2,"1","cancelled","Covid19","1",0.126286608811329,0.0836465786392863,0.166942500406825
4,"1","cancelled","Covid19","1",0.181806648028609,0.124509786692413,0.235353689813337
5,"1","cancelled","Covid19","1",0.187898156769792,0.129092520979806,0.242733103498117
6,"1","cancelled","Covid19","1",0.275020030667989,0.19696104610734,0.345491332164071
8,"1","cancelled","Covid19","1",0.28615661235535,0.205466420718558,0.358652176104583
10,"1","cancelled","Covid19","1",0.28615661235535,0.205466420718558,0.358652176104583
14,"1","cancelled","Covid19","1",0.309279183701171,0.213513812643675,0.39338382067177
1,"2","success","Covid19","0",0.0613303620737667,0.00589569778959753,0.113673799413776
2,"2","success","Covid19","0",0.253520590849155,0.0809151560619114,0.393710480635745
3,"2","success","Covid19","0",0.377260473511274,0.133054246364752,0.552677297022018
4,"2","success","Covid19","0",0.481070205208372,0.182998618696446,0.670394520639827
5,"2","success","Covid19","0",0.515934645844122,0.199448899680649,0.707302548206376
6,"2","success","Covid19","0",0.576115460860733,0.229960763659912,0.766663704858341
8,"2","success","Covid19","0",0.633969509246555,0.259259885320331,0.819129114913473
10,"2","success","Covid19","0",0.662770685199652,0.27389455879999,0.843378655071411
12,"2","success","Covid19","0",0.662770685199652,0.27389455879999,0.843378655071411
1,"2","success","Covid19","1",0.0245329092397848,0.0052664997829629,0.0434261589173524
2,"2","success","Covid19","1",0.10840878377732,0.0513357108472968,0.162048254651357
3,"2","success","Covid19","1",0.169622734258601,0.0855233369855395,0.245987971757286
4,"2","success","Covid19","1",0.226973785057962,0.119492200549046,0.321335336995047
5,"2","success","Covid19","1",0.24778773893936,0.131261734809221,0.348683823008876
6,"2","success","Covid19","1",0.285975499472042,0.153426876959079,0.397770879468901
8,"2","success","Covid19","1",0.325934469409281,0.175652634893745,0.448819322092475
10,"2","success","Covid19","1",0.347269295963551,0.186991264640937,0.47594982260092
12,"2","success","Covid19","1",0.347269295963551,0.186991264640937,0.47594982260092
1,"2","cancelled","Covid19","0",0.010931750057095,0,0.027364806473009
2,"2","cancelled","Covid19","0",0.170215983120454,0.0490557740847826,0.275939118294681
3,"2","cancelled","Covid19","0",0.205779167907787,0.0622251855262986,0.327357996404225
4,"2","cancelled","Covid19","0",0.338001906536144,0.117293567211146,0.503525227107291
5,"2","cancelled","Covid19","0",0.354468168501729,0.124270089926648,0.524155403756156
6,"2","cancelled","Covid19","0",0.404472637040366,0.14686309591745,0.584295511849832
7,"2","cancelled","Covid19","0",0.443792287739815,0.163358571227525,0.630227468377207
8,"2","cancelled","Covid19","0",0.507372860900991,0.193226812128178,0.699194889189313
9,"2","cancelled","Covid19","0",0.523663537625789,0.200682132750575,0.71613742832002
10,"2","cancelled","Covid19","0",0.555425627927252,0.21650050335977,0.747738992620395
12,"2","cancelled","Covid19","0",0.555425627927252,0.21650050335977,0.747738992620395
1,"2","cancelled","Covid19","1",0.00314368852693681,0,0.0076911976076891
2,"2","cancelled","Covid19","1",0.0520453719853395,0.0235864303292895,0.0796748379096506
3,"2","cancelled","Covid19","1",0.0638656351827223,0.0298980010440244,0.0966439096765352
4,"2","cancelled","Covid19","1",0.111444762762819,0.0566911076438262,0.163020283155019
5,"2","cancelled","Covid19","1",0.117832744064606,0.0601812480545255,0.171947712435373
6,"2","cancelled","Covid19","1",0.137973492165332,0.0715024816164485,0.199685852146057
7,"2","cancelled","Covid19","1",0.154676064325933,0.0801256423289541,0.223184611828226
8,"2","cancelled","Covid19","1",0.183564448105573,0.0956708252204312,0.262915507995599
9,"2","cancelled","Covid19","1",0.191391227840193,0.0995751486321679,0.273844846218392
10,"2","cancelled","Covid19","1",0.207218118741728,0.10764683537331,0.295678957428996
12,"2","cancelled","Covid19","1",0.207218118741728,0.10764683537331,0.295678957428996
1,"3","success","Covid19","0",0.0699636693784736,0.00181517788040364,0.133459498573383
2,"3","success","Covid19","0",0.418800779662715,0.210367548597986,0.572215486938375
3,"3","success","Covid19","0",0.505842047308929,0.268979990984589,0.665957047418269
4,"3","success","Covid19","0",0.733402277764226,0.457872201076025,0.868897434069286
5,"3","success","Covid19","0",0.791747185499934,0.517196891746655,0.910172005925775
6,"3","success","Covid19","0",0.841593376008644,0.574638049164533,0.941008690422231
7,"3","success","Covid19","0",0.854796662934448,0.591117650923116,0.948435022586392
8,"3","success","Covid19","0",0.895001920782631,0.647190274126087,0.968752004746953
9,"3","success","Covid19","0",0.901652272889586,0.656447457765022,0.971846299361194
10,"3","success","Covid19","0",0.925017779165449,0.692756443395637,0.981700727906489
11,"3","success","Covid19","0",0.930450680052056,0.702039323363783,0.983765952071833
12,"3","success","Covid19","0",0.956213727366738,0.752358957000588,0.992257997107859
13,"3","success","Covid19","0",0.956213727366738,0.752358957000588,0.992257997107859
14,"3","success","Covid19","0",0.965737253234529,0.7683880837314,0.994931453291232
16,"3","success","Covid19","0",0.97644223080699,0.784579360695755,0.997423791466112
1,"3","success","Covid19","1",0.0258012808972047,0.00155497615554334,0.0494587867770501
2,"3","success","Covid19","1",0.177635936256539,0.0961445349458371,0.251780091525881
3,"3","success","Covid19","1",0.22434065298332,0.127006211344355,0.310822791143977
4,"3","success","Covid19","1",0.379013677583005,0.237460163679235,0.494290010487045
5,"3","success","Covid19","1",0.431900824030212,0.276405856728457,0.553981086305672
6,"3","success","Covid19","1",0.485242105242827,0.317242060040625,0.611903905166444
7,"3","success","Covid19","1",0.501137001393378,0.329606049459746,0.628779031824143
8,"3","success","Covid19","1",0.556146636710309,0.373786010300984,0.68540177743672
9,"3","success","Covid19","1",0.566490932656383,0.381486794424985,0.696158287688588
10,"3","success","Covid19","1",0.606865112373178,0.412617211061033,0.73687509613869
11,"3","success","Covid19","1",0.617378681870316,0.420852928238348,0.747216069586643
12,"3","success","Covid19","1",0.676148289580976,0.467497869067095,0.8030431725079
13,"3","success","Covid19","1",0.676148289580976,0.467497869067095,0.8030431725079
14,"3","success","Covid19","1",0.703545172454434,0.482544554298695,0.830158392369491
16,"3","success","Covid19","1",0.740983921903428,0.498490783551448,0.866225133034196
1,"3","cancelled","Covid19","0",0.00621126890562484,0,0.0159981601182518
2,"3","cancelled","Covid19","0",0.0510523565239717,0.00406976943487103,0.0958185599530117
4,"3","cancelled","Covid19","0",0.0839485556919062,0.0102081602033632,0.152195224410663
5,"3","cancelled","Covid19","0",0.108758245264954,0.0147585582668646,0.193789631924199
6,"3","cancelled","Covid19","0",0.162450480566561,0.0259860255369405,0.279795551301107
7,"3","cancelled","Covid19","0",0.177226521779284,0.0294046836107571,0.302535067877937
8,"3","cancelled","Covid19","0",0.19224021402035,0.0329402852227627,0.325299294474087
10,"3","cancelled","Covid19","0",0.211548657490302,0.0369295808922427,0.354506682822548
11,"3","cancelled","Covid19","0",0.211548657490302,0.0369295808922427,0.354506682822548
12,"3","cancelled","Covid19","0",0.211548657490302,0.0369295808922427,0.354506682822548
13,"3","cancelled","Covid19","0",0.211548657490302,0.0369295808922427,0.354506682822548
14,"3","cancelled","Covid19","0",0.211548657490302,0.0369295808922427,0.354506682822548
16,"3","cancelled","Covid19","0",0.211548657490302,0.0369295808922427,0.354506682822548
1,"3","cancelled","Covid19","1",0.00256439576721956,0,0.00650633781870991
2,"3","cancelled","Covid19","1",0.0213635789034987,0.0035490269584143,0.0388596422630028
4,"3","cancelled","Covid19","1",0.0354896052748458,0.00753123764783392,0.0626603709641256
5,"3","cancelled","Covid19","1",0.0463416625112415,0.0105370075073012,0.0808506921813614
6,"3","cancelled","Covid19","1",0.0704514195356087,0.0176671939265829,0.120399361498279
7,"3","cancelled","Covid19","1",0.0772449746725372,0.019737071708227,0.131379130851262
8,"3","cancelled","Covid19","1",0.0842216651162214,0.0218895704978509,0.142581519073084
10,"3","cancelled","Covid19","1",0.0933070871449012,0.0245192032188551,0.157244262588897
11,"3","cancelled","Covid19","1",0.0933070871449012,0.0245192032188551,0.157244262588897
12,"3","cancelled","Covid19","1",0.0933070871449012,0.0245192032188551,0.157244262588897
13,"3","cancelled","Covid19","1",0.0933070871449012,0.0245192032188551,0.157244262588897
14,"3","cancelled","Covid19","1",0.0933070871449012,0.0245192032188551,0.157244262588897
16,"3","cancelled","Covid19","1",0.0933070871449012,0.0245192032188551,0.157244262588897
1,"4","success","Covid19","0",0.111599899330779,0.00561584306834129,0.206287898527605
2,"4","success","Covid19","0",0.722177802834586,0.353695120522496,0.880574670424557
3,"4","success","Covid19","0",0.809664325959036,0.431468227491054,0.936278550180662
4,"4","success","Covid19","0",0.931828957203981,0.599340017560635,0.988400910299047
5,"4","success","Covid19","0",0.952579999656126,0.643649977864983,0.993689753632845
6,"4","success","Covid19","0",0.975953457875056,0.712130078324624,0.997991328219352
7,"4","success","Covid19","0",0.98316590423563,0.739536914132836,0.998911988701737
8,"4","success","Covid19","0",0.986188293961867,0.753931662289447,0.999224755100723
10,"4","success","Covid19","0",0.994975589183168,0.783047500882095,0.999883639487174
1,"4","success","Covid19","1",0.0533279873392665,0.0121457597163224,0.0927933869092167
2,"4","success","Covid19","1",0.447418275468463,0.320097852050481,0.550896311760264
3,"4","success","Covid19","1",0.536200453955129,0.395024712608149,0.644431725734115
4,"4","success","Covid19","1",0.711719633489931,0.559324728205202,0.811413131086969
5,"4","success","Covid19","1",0.75632591606196,0.602706640498091,0.85054605680426
6,"4","success","Covid19","1",0.822077577001011,0.671880803144031,0.903521680812455
7,"4","success","Covid19","1",0.849162135611656,0.700049667319407,0.924147237544609
8,"4","success","Covid19","1",0.862371438202288,0.714643651455641,0.933621168342213
10,"4","success","Covid19","1",0.913836540748125,0.750644444826254,0.970226684121489
2,"4","cancelled","Covid19","0",0.070612578542586,0,0.182791845299261
4,"4","cancelled","Covid19","0",0.0860221857059582,0,0.218873640023717
6,"4","cancelled","Covid19","0",0.0860221857059582,0,0.218873640023717
8,"4","cancelled","Covid19","0",0.0984285629546691,0,0.247435262627256
10,"4","cancelled","Covid19","0",0.0984285629546691,0,0.247435262627256
2,"4","cancelled","Covid19","1",0.0283950748284386,0,0.0646720685132927
4,"4","cancelled","Covid19","1",0.0347641906053755,0,0.0782639433464528
6,"4","cancelled","Covid19","1",0.0347641906053755,0,0.0782639433464528
8,"4","cancelled","Covid19","1",0.0399395051048363,0,0.0895605213846994
10,"4","cancelled","Covid19","1",0.0399395051048363,0,0.0895605213846994
0.0999999999999091,"1","success","NewDirective","0",0.00548637035096744,0,0.0136135102249394
1,"1","success","NewDirective","0",0.0560738680132803,0.0167372616175495,0.09383676624096
2,"1","success","NewDirective","0",0.175737872967714,0.0733562333473312,0.266807722115235
3,"1","success","NewDirective","0",0.193966020781133,0.0825283796920085,0.291868259165005
4,"1","success","NewDirective","0",0.259511761155466,0.116862588574289,0.379119461169828
5,"1","success","NewDirective","0",0.269316344958567,0.12215372221172,0.39180854637801
6,"1","success","NewDirective","0",0.284128352187923,0.130215966925254,0.410805215256074
8,"1","success","NewDirective","0",0.290789715247546,0.13370636128727,0.419389447732689
10,"1","success","NewDirective","0",0.304672217587676,0.139628600703014,0.438055791499468
14,"1","success","NewDirective","0",0.304672217587676,0.139628600703014,0.438055791499468
0.0999999999999091,"1","success","NewDirective","1",0.013303580815337,0,0.0317680826426689
1,"1","success","NewDirective","1",0.13106207061483,0.0666804655147301,0.191002548188814
2,"1","success","NewDirective","1",0.375304534326418,0.258270627721927,0.473872224266143
3,"1","success","NewDirective","1",0.40840384493863,0.284532800829828,0.510828712917483
4,"1","success","NewDirective","1",0.518769356106009,0.377253624780378,0.628126406129697
5,"1","success","NewDirective","1",0.534134006793881,0.390674060903367,0.643817684919689
6,"1","success","NewDirective","1",0.556790789855255,0.410845308142078,0.666582636662596
8,"1","success","NewDirective","1",0.566763814197395,0.419356604946931,0.67674894042042
10,"1","success","NewDirective","1",0.587119656679921,0.43265027695897,0.699532455949083
14,"1","success","NewDirective","1",0.587119656679921,0.43265027695897,0.699532455949083
1,"1","cancelled","NewDirective","0",0.0199704014156932,0.00451362242620545,0.0351871851404419
2,"1","cancelled","NewDirective","0",0.198333346591751,0.121535884194365,0.268416988669603
4,"1","cancelled","NewDirective","0",0.280046039701403,0.179996358811116,0.367888532545871
5,"1","cancelled","NewDirective","0",0.288802180878529,0.186479461377498,0.378254986924375
6,"1","cancelled","NewDirective","0",0.409406277675505,0.278708179697203,0.516421876650872
8,"1","cancelled","NewDirective","0",0.424188883424062,0.289870353044711,0.533101535199946
10,"1","cancelled","NewDirective","0",0.424188883424062,0.289870353044711,0.533101535199946
14,"1","cancelled","NewDirective","0",0.45441344830208,0.30102432558661,0.574141567024575
1,"1","cancelled","NewDirective","1",0.0122437832227211,0.00313174274295047,0.0212725335775424
2,"1","cancelled","NewDirective","1",0.126286608811329,0.0836465786392863,0.166942500406825
4,"1","cancelled","NewDirective","1",0.181806648028609,0.124509786692413,0.235353689813337
5,"1","cancelled","NewDirective","1",0.187898156769792,0.129092520979806,0.242733103498117
6,"1","cancelled","NewDirective","1",0.275020030667989,0.19696104610734,0.345491332164071
8,"1","cancelled","NewDirective","1",0.28615661235535,0.205466420718558,0.358652176104583
10,"1","cancelled","NewDirective","1",0.28615661235535,0.205466420718558,0.358652176104583
14,"1","cancelled","NewDirective","1",0.309279183701171,0.213513812643675,0.39338382067177
1,"2","success","NewDirective","0",0.0254835756847097,0.00220831601124571,0.0482158986695238
2,"2","success","NewDirective","0",0.112415854866614,0.034119055581175,0.184365713761761
3,"2","success","NewDirective","0",0.175659564838994,0.0592254509948366,0.277683315561605
4,"2","success","NewDirective","0",0.234746580062135,0.0844291616960771,0.360385049166229
5,"2","success","NewDirective","0",0.256148671346621,0.093580985897344,0.38955958499263
6,"2","success","NewDirective","0",0.295354612933777,0.110830004500371,0.441585833949888
8,"2","success","NewDirective","0",0.336290841841502,0.129123344663015,0.494176535880381
10,"2","success","NewDirective","0",0.358108809615433,0.138612659215175,0.521673606303624
12,"2","success","NewDirective","0",0.358108809615433,0.138612659215175,0.521673606303624
1,"2","success","NewDirective","1",0.0245329092397848,0.0052664997829629,0.0434261589173524
2,"2","success","NewDirective","1",0.10840878377732,0.0513357108472968,0.162048254651357
3,"2","success","NewDirective","1",0.169622734258601,0.0855233369855395,0.245987971757286
4,"2","success","NewDirective","1",0.226973785057962,0.119492200549046,0.321335336995047
5,"2","success","NewDirective","1",0.24778773893936,0.131261734809221,0.348683823008876
6,"2","success","NewDirective","1",0.285975499472042,0.153426876959079,0.397770879468901
8,"2","success","NewDirective","1",0.325934469409281,0.175652634893745,0.448819322092475
10,"2","success","NewDirective","1",0.347269295963551,0.186991264640937,0.47594982260092
12,"2","success","NewDirective","1",0.347269295963551,0.186991264640937,0.47594982260092
1,"2","cancelled","NewDirective","0",0.00197580649767337,0,0.00509342332442841
2,"2","cancelled","NewDirective","0",0.0330154757813036,0.00566051486206764,0.0596178829720821
3,"2","cancelled","NewDirective","0",0.0406068669720726,0.00751792154647479,0.0725926405287293
4,"2","cancelled","NewDirective","0",0.0715317413243114,0.0155689110325155,0.124313202793681
5,"2","cancelled","NewDirective","0",0.0757300955160753,0.0166370548149424,0.131272069465706
6,"2","cancelled","NewDirective","0",0.0890417906914915,0.0201360215890717,0.153101984162796
7,"2","cancelled","NewDirective","0",0.100169037392887,0.0229929424909333,0.171248810289244
8,"2","cancelled","NewDirective","0",0.119609489416181,0.0281507514766348,0.20246123325844
9,"2","cancelled","NewDirective","0",0.124920340727721,0.0294268850105346,0.211018316656751
10,"2","cancelled","NewDirective","0",0.135718442531838,0.032000499920817,0.22832335087106
12,"2","cancelled","NewDirective","0",0.135718442531838,0.032000499920817,0.22832335087106
1,"2","cancelled","NewDirective","1",0.00314368852693681,0,0.0076911976076891
2,"2","cancelled","NewDirective","1",0.0520453719853395,0.0235864303292895,0.0796748379096506
3,"2","cancelled","NewDirective","1",0.0638656351827223,0.0298980010440244,0.0966439096765352
4,"2","cancelled","NewDirective","1",0.111444762762819,0.0566911076438262,0.163020283155019
5,"2","cancelled","NewDirective","1",0.117832744064606,0.0601812480545255,0.171947712435373
6,"2","cancelled","NewDirective","1",0.137973492165332,0.0715024816164485,0.199685852146057
7,"2","cancelled","NewDirective","1",0.154676064325933,0.0801256423289541,0.223184611828226
8,"2","cancelled","NewDirective","1",0.183564448105573,0.0956708252204312,0.262915507995599
9,"2","cancelled","NewDirective","1",0.191391227840193,0.0995751486321679,0.273844846218392
10,"2","cancelled","NewDirective","1",0.207218118741728,0.10764683537331,0.295678957428996
12,"2","cancelled","NewDirective","1",0.207218118741728,0.10764683537331,0.295678957428996
1,"3","success","NewDirective","0",0.0133860675620306,9.78525375242567e-05,0.0264976886478345
2,"3","success","NewDirective","0",0.0959107815633202,0.0430670019099405,0.145836420601183
3,"3","success","NewDirective","0",0.122757073445176,0.0585360077943103,0.182597360534697
4,"3","success","NewDirective","0",0.217789940457455,0.11690365511009,0.307150821323094
5,"3","success","NewDirective","0",0.252874910966525,0.139209690905601,0.351530921333753
6,"3","success","NewDirective","0",0.289904319865106,0.163260279124807,0.397380257723598
7,"3","success","NewDirective","0",0.301294457671142,0.170720403832227,0.411308999839064
8,"3","success","NewDirective","0",0.342138829592374,0.197862621695061,0.460464839022168
9,"3","success","NewDirective","0",0.350088332473171,0.202918954639508,0.470085033327479
10,"3","success","NewDirective","0",0.382032231404096,0.223568625015755,0.50815464788353
11,"3","success","NewDirective","0",0.39060827971011,0.229104102455617,0.5182770203593
12,"3","success","NewDirective","0",0.440810675444275,0.260993961138485,0.576873957378196
13,"3","success","NewDirective","0",0.440810675444275,0.260993961138485,0.576873957378196
14,"3","success","NewDirective","0",0.465721004449347,0.27138659897954,0.608222900255717
16,"3","success","NewDirective","0",0.501643116417424,0.282560553433501,0.653825023696802
1,"3","success","NewDirective","1",0.0258012808972047,0.00155497615554334,0.0494587867770501
2,"3","success","NewDirective","1",0.177635936256539,0.0961445349458371,0.251780091525881
3,"3","success","NewDirective","1",0.22434065298332,0.127006211344355,0.310822791143977
4,"3","success","NewDirective","1",0.379013677583005,0.237460163679235,0.494290010487045
5,"3","success","NewDirective","1",0.431900824030212,0.276405856728457,0.553981086305672
6,"3","success","NewDirective","1",0.485242105242827,0.317242060040625,0.611903905166444
7,"3","success","NewDirective","1",0.501137001393378,0.329606049459746,0.628779031824143
8,"3","success","NewDirective","1",0.556146636710309,0.373786010300984,0.68540177743672
9,"3","success","NewDirective","1",0.566490932656383,0.381486794424985,0.696158287688588
10,"3","success","NewDirective","1",0.606865112373178,0.412617211061033,0.73687509613869
11,"3","success","NewDirective","1",0.617378681870316,0.420852928238348,0.747216069586643
12,"3","success","NewDirective","1",0.676148289580976,0.467497869067095,0.8030431725079
13,"3","success","NewDirective","1",0.676148289580976,0.467497869067095,0.8030431725079
14,"3","success","NewDirective","1",0.703545172454434,0.482544554298695,0.830158392369491
16,"3","success","NewDirective","1",0.740983921903428,0.498490783551448,0.866225133034196
1,"3","cancelled","NewDirective","0",0.00238788243506227,0,0.00631547306418334
2,"3","cancelled","NewDirective","0",0.0199060701120717,0,0.0396847740512173
4,"3","cancelled","NewDirective","0",0.0330847797377211,0.00115010573113439,0.0639984560851415
5,"3","cancelled","NewDirective","0",0.0432181067787893,0.00238519340608923,0.0823797069317157
6,"3","cancelled","NewDirective","0",0.0657596717314879,0.00545189921606248,0.122410479417454
7,"3","cancelled","NewDirective","0",0.0721185826963822,0.00638497524764858,0.133503516825385
8,"3","cancelled","NewDirective","0",0.0786522712282125,0.00734548755936637,0.144836771833343
10,"3","cancelled","NewDirective","0",0.0871659401424884,0.00859334914062415,0.159511366891022
11,"3","cancelled","NewDirective","0",0.0871659401424884,0.00859334914062415,0.159511366891022
12,"3","cancelled","NewDirective","0",0.0871659401424884,0.00859334914062415,0.159511366891022
13,"3","cancelled","NewDirective","0",0.0871659401424884,0.00859334914062415,0.159511366891022
14,"3","cancelled","NewDirective","0",0.0871659401424884,0.00859334914062415,0.159511366891022
16,"3","cancelled","NewDirective","0",0.0871659401424884,0.00859334914062415,0.159511366891022
1,"3","cancelled","NewDirective","1",0.00256439576721956,0,0.00650633781870991
2,"3","cancelled","NewDirective","1",0.0213635789034987,0.0035490269584143,0.0388596422630028
4,"3","cancelled","NewDirective","1",0.0354896052748458,0.00753123764783392,0.0626603709641256
5,"3","cancelled","NewDirective","1",0.0463416625112415,0.0105370075073012,0.0808506921813614
6,"3","cancelled","NewDirective","1",0.0704514195356087,0.0176671939265829,0.120399361498279
7,"3","cancelled","NewDirective","1",0.0772449746725372,0.019737071708227,0.131379130851262
8,"3","cancelled","NewDirective","1",0.0842216651162214,0.0218895704978509,0.142581519073084
10,"3","cancelled","NewDirective","1",0.0933070871449012,0.0245192032188551,0.157244262588897
11,"3","cancelled","NewDirective","1",0.0933070871449012,0.0245192032188551,0.157244262588897
12,"3","cancelled","NewDirective","1",0.0933070871449012,0.0245192032188551,0.157244262588897
13,"3","cancelled","NewDirective","1",0.0933070871449012,0.0245192032188551,0.157244262588897
14,"3","cancelled","NewDirective","1",0.0933070871449012,0.0245192032188551,0.157244262588897
16,"3","cancelled","NewDirective","1",0.0933070871449012,0.0245192032188551,0.157244262588897
1,"4","success","NewDirective","0",0.0387675945532966,0.00312697658329431,0.0731339743611205
2,"4","success","NewDirective","0",0.348155783879086,0.157715376266659,0.495537648298791
3,"4","success","NewDirective","0",0.425535162928183,0.202473581540525,0.586208254179961
4,"4","success","NewDirective","0",0.592369673920002,0.310466313019181,0.759021950809043
5,"4","success","NewDirective","0",0.638927679498873,0.343810470016912,0.801317737216215
6,"4","success","NewDirective","0",0.712223581878239,0.399710779084532,0.862041056308335
7,"4","success","NewDirective","0",0.744547406569747,0.424846969136542,0.886541452468267
8,"4","success","NewDirective","0",0.760892033665639,0.437682447364956,0.898326809652943
10,"4","success","NewDirective","0",0.829448642402742,0.475018853348874,0.94459274249405
1,"4","success","NewDirective","1",0.0533279873392665,0.0121457597163224,0.0927933869092167
2,"4","success","NewDirective","1",0.447418275468463,0.320097852050481,0.550896311760264
3,"4","success","NewDirective","1",0.536200453955129,0.395024712608149,0.644431725734115
4,"4","success","NewDirective","1",0.711719633489931,0.559324728205202,0.811413131086969
5,"4","success","NewDirective","1",0.75632591606196,0.602706640498091,0.85054605680426
6,"4","success","NewDirective","1",0.822077577001011,0.671880803144031,0.903521680812455
7,"4","success","NewDirective","1",0.849162135611656,0.700049667319407,0.924147237544609
8,"4","success","NewDirective","1",0.862371438202288,0.714643651455641,0.933621168342213
10,"4","success","NewDirective","1",0.913836540748125,0.750644444826254,0.970226684121489
2,"4","cancelled","NewDirective","0",0.00903676052807123,0,0.0253343625419683
4,"4","cancelled","NewDirective","0",0.0110885071085474,0,0.0308586469862027
6,"4","cancelled","NewDirective","0",0.0110885071085474,0,0.0308586469862027
8,"4","cancelled","NewDirective","0",0.01276252137302,0,0.0354319330715307
10,"4","cancelled","NewDirective","0",0.01276252137302,0,0.0354319330715307
2,"4","cancelled","NewDirective","1",0.0283950748284386,0,0.0646720685132927
4,"4","cancelled","NewDirective","1",0.0347641906053755,0,0.0782639433464528
6,"4","cancelled","NewDirective","1",0.0347641906053755,0,0.0782639433464528
8,"4","cancelled","NewDirective","1",0.0399395051048363,0,0.0895605213846994
10,"4","cancelled","NewDirective","1",0.0399395051048363,0,0.0895605213846994
